datetime,ticker,price,daily_returns
2022-05-18,AUDUSD,0.6954,
2022-05-19,AUDUSD,0.7047,0.013373597929249303
2022-05-20,AUDUSD,0.7032,-0.002128565346956046
2022-05-23,AUDUSD,0.7107,0.010665529010238872
2022-05-24,AUDUSD,0.71051,-0.00026734205712686254
2022-05-25,AUDUSD,0.70833,-0.003068218603538231
2022-05-26,AUDUSD,0.70924,0.0012847119280561259
2022-05-27,AUDUSD,0.716,0.009531329310247472
2022-05-30,AUDUSD,0.7194,0.004748603351955483
2022-05-31,AUDUSD,0.7174,-0.0027800945232138163
2022-06-01,AUDUSD,0.71733,-9.757457485370935e-05
2022-06-02,AUDUSD,0.72629,0.012490764362287798
2022-06-03,AUDUSD,0.7206,-0.007834336146718246
2022-06-06,AUDUSD,0.71926,-0.0018595614765473112
2022-06-07,AUDUSD,0.72296,0.005144175958624153
2022-06-08,AUDUSD,0.71896,-0.005532809560694907
2022-06-09,AUDUSD,0.70968,-0.012907533103371671
2022-06-10,AUDUSD,0.7051,-0.0064536128959531425
2022-06-13,AUDUSD,0.69259,-0.017742164232023683
2022-06-14,AUDUSD,0.68737,-0.007536926608816219
2022-06-15,AUDUSD,0.70049,0.019087245588256474
2022-06-16,AUDUSD,0.7047,0.006010078659224316
2022-06-17,AUDUSD,0.6931,-0.016460905349794164
2022-06-20,AUDUSD,0.6952,0.003029865820227906
2022-06-21,AUDUSD,0.6965,0.0018699654775604646
2022-06-22,AUDUSD,0.69235,-0.005958363244795373
2022-06-23,AUDUSD,0.68953,-0.004073084422618667
2022-06-24,AUDUSD,0.6947,0.007497860861746419
2022-06-27,AUDUSD,0.69216,-0.0036562544983446132
2022-06-28,AUDUSD,0.6905,-0.0023982894128524723
2022-06-29,AUDUSD,0.68763,-0.004156408399710432
2022-06-30,AUDUSD,0.69004,0.0035047918211830176
2022-07-01,AUDUSD,0.6813,-0.012665932409715364
2022-07-04,AUDUSD,0.68638,0.007456333480111432
2022-07-05,AUDUSD,0.6797,-0.009732218304729146
2022-07-06,AUDUSD,0.67819,-0.0022215683389731344
2022-07-07,AUDUSD,0.68381,0.008286763296421418
2022-07-08,AUDUSD,0.6856,0.0026176861993827405
2022-07-11,AUDUSD,0.673,-0.01837806301050171
2022-07-12,AUDUSD,0.6756,0.0038632986627042953
2022-07-13,AUDUSD,0.67552,-0.00011841326228534399
2022-07-14,AUDUSD,0.67446,-0.0015691615348176757
2022-07-15,AUDUSD,0.67887,0.006538564184681128
2022-07-18,AUDUSD,0.68115,0.0033585222502099388
2022-07-19,AUDUSD,0.68983,0.01274315495852596
2022-07-20,AUDUSD,0.6887,-0.0016380847455170766
2022-07-21,AUDUSD,0.6933,0.0066792507623059105
2022-07-22,AUDUSD,0.6924,-0.0012981393336217728
2022-07-25,AUDUSD,0.6956,0.0046216060080876975
2022-07-26,AUDUSD,0.69363,-0.0028320874065554946
2022-07-27,AUDUSD,0.6992,0.008030217839482212
2022-07-28,AUDUSD,0.69884,-0.0005148741418764535
2022-07-29,AUDUSD,0.6984,-0.0006296147902238314
2022-08-01,AUDUSD,0.70244,0.005784650630011434
2022-08-02,AUDUSD,0.69175,-0.015218381641136536
2022-08-03,AUDUSD,0.69488,0.004524756053487566
2022-08-04,AUDUSD,0.69651,0.0023457287589223608
2022-08-05,AUDUSD,0.6908,-0.008198015821739846
2022-08-08,AUDUSD,0.69816,0.010654313839027374
2022-08-09,AUDUSD,0.69631,-0.0026498223902831075
2022-08-10,AUDUSD,0.7077,0.01635765679079726
2022-08-11,AUDUSD,0.7103,0.0036738731100749433
2022-08-12,AUDUSD,0.7121,0.002534140504012239
2022-08-15,AUDUSD,0.70211,-0.01402892852127502
2022-08-16,AUDUSD,0.70228,0.0002421273019896919
2022-08-17,AUDUSD,0.69315,-0.013000512616050508
2022-08-18,AUDUSD,0.6914,-0.002524706052081105
2022-08-19,AUDUSD,0.6872,-0.0060746311831066935
2022-08-22,AUDUSD,0.68735,0.00021827706635613175
2022-08-23,AUDUSD,0.69263,0.007681676002036841
2022-08-24,AUDUSD,0.69061,-0.002916420022234134
2022-08-25,AUDUSD,0.69801,0.010715164854259385
2022-08-26,AUDUSD,0.689,-0.01290812452543666
2022-08-29,AUDUSD,0.69004,0.0015094339622641062
2022-08-30,AUDUSD,0.6853,-0.006869167004811216
2022-08-31,AUDUSD,0.6842,-0.0016051364365970988
2022-09-01,AUDUSD,0.67826,-0.008681672025723564
2022-09-02,AUDUSD,0.6808,0.003744876595995539
2022-09-05,AUDUSD,0.67946,-0.0019682726204465206
2022-09-06,AUDUSD,0.67352,-0.00874223648191208
2022-09-07,AUDUSD,0.67682,0.00489963178524766
2022-09-08,AUDUSD,0.67462,-0.003250494961732797
2022-09-09,AUDUSD,0.684,0.013904123803029966
2022-09-12,AUDUSD,0.68857,0.006681286549707455
2022-09-13,AUDUSD,0.67331,-0.022161871705128067
2022-09-14,AUDUSD,0.67469,0.0020495759754051157
2022-09-15,AUDUSD,0.6698,-0.0072477730513274
2022-09-16,AUDUSD,0.6718,0.002985965959988013
2022-09-19,AUDUSD,0.6726,0.0011908306043466599
2022-09-20,AUDUSD,0.66869,-0.005813261968480532
2022-09-21,AUDUSD,0.66314,-0.008299810076418113
2022-09-22,AUDUSD,0.6642,0.001598455831347989
2022-09-23,AUDUSD,0.65283,-0.01711833785004513
2022-09-26,AUDUSD,0.64535,-0.011457806779712976
2022-09-27,AUDUSD,0.64316,-0.0033935073990858378
2022-09-28,AUDUSD,0.652,0.01374463586043917
2022-09-29,AUDUSD,0.64973,-0.003481595092024503
2022-09-30,AUDUSD,0.6402,-0.014667631169870576
2022-10-03,AUDUSD,0.65118,0.017150890346766534
2022-10-04,AUDUSD,0.65009,-0.0016738843330569297
2022-10-05,AUDUSD,0.6489,-0.0018305157747386946
2022-10-06,AUDUSD,0.64105,-0.012097395592541305
2022-10-07,AUDUSD,0.6368,-0.0066297480695732824
2022-10-10,AUDUSD,0.62947,-0.01151067839195985
2022-10-11,AUDUSD,0.62715,-0.003685640300570281
2022-10-12,AUDUSD,0.62751,0.0005740253527863892
2022-10-13,AUDUSD,0.62957,0.003282816210100181
2022-10-14,AUDUSD,0.6194,-0.016153882808901288
2022-10-17,AUDUSD,0.62863,0.014901517597675218
2022-10-18,AUDUSD,0.63103,0.003817826066207397
2022-10-19,AUDUSD,0.62697,-0.006433925486902248
2022-10-20,AUDUSD,0.62804,0.0017066207314544446
2022-10-21,AUDUSD,0.63805,0.015938475256352946
2022-10-24,AUDUSD,0.63055,-0.011754564689287594
2022-10-25,AUDUSD,0.63892,0.01327412576322251
2022-10-26,AUDUSD,0.64901,0.015792274463156453
2022-10-27,AUDUSD,0.64517,-0.00591670390286736
2022-10-28,AUDUSD,0.6409,-0.006618410651456186
2022-10-31,AUDUSD,0.63951,-0.0021688250897176076
2022-11-01,AUDUSD,0.6391,-0.0006411158543260242
2022-11-02,AUDUSD,0.6352,-0.006102331403536221
2022-11-03,AUDUSD,0.62878,-0.010107052896725421
2022-11-04,AUDUSD,0.64681,0.028674576163363996
2022-11-07,AUDUSD,0.64777,0.0014842071087335373
2022-11-08,AUDUSD,0.65044,0.004121833366781624
2022-11-09,AUDUSD,0.64304,-0.011376914088924495
2022-11-10,AUDUSD,0.66177,0.029127270465289845
2022-11-11,AUDUSD,0.67052,0.01322211644529081
2022-11-14,AUDUSD,0.67003,-0.0007307761140606939
2022-11-15,AUDUSD,0.67559,0.008298135904362569
2022-11-16,AUDUSD,0.67399,-0.0023683003004781877
2022-11-17,AUDUSD,0.66809,-0.008753839077731196
2022-11-18,AUDUSD,0.66684,-0.0018710054034635215
2022-11-21,AUDUSD,0.66045,-0.009582508547777535
2022-11-22,AUDUSD,0.66479,0.006571277159512556
2022-11-23,AUDUSD,0.67324,0.0127107808480873
2022-11-24,AUDUSD,0.67643,0.0047382805537401484
2022-11-25,AUDUSD,0.6745,-0.00285321467114108
2022-11-28,AUDUSD,0.66493,-0.014188287620459539
2022-11-29,AUDUSD,0.66879,0.005805122343705227
2022-11-30,AUDUSD,0.67876,0.014907519550232617
2022-12-01,AUDUSD,0.68112,0.0034769285167068897
2022-12-02,AUDUSD,0.67914,-0.0029069767441860517
2022-12-05,AUDUSD,0.66975,-0.013826309744677134
2022-12-06,AUDUSD,0.66873,-0.0015229563269875124
2022-12-07,AUDUSD,0.6723,0.00533847741240856
2022-12-08,AUDUSD,0.67688,0.006812434924884814
2022-12-09,AUDUSD,0.6793,0.003575227514478252
2022-12-12,AUDUSD,0.67459,-0.00693360812601207
2022-12-13,AUDUSD,0.6852,0.015728071865874105
2022-12-14,AUDUSD,0.6863,0.0016053706946876911
2022-12-15,AUDUSD,0.67016,-0.02351741221040371
2022-12-16,AUDUSD,0.66851,-0.0024620986033184744
2022-12-19,AUDUSD,0.66964,0.001690326247924423
2022-12-20,AUDUSD,0.6678,-0.0027477450570456696
2022-12-21,AUDUSD,0.67069,0.004327643006888371
2022-12-22,AUDUSD,0.66671,-0.005934187180366424
2022-12-23,AUDUSD,0.6713,0.00688455250408726
2022-12-26,AUDUSD,0.6723,0.0014896469536720414
2022-12-27,AUDUSD,0.67314,0.0012494422132975913
2022-12-28,AUDUSD,0.67375,0.000906200790325995
2022-12-29,AUDUSD,0.67766,0.00580333951762535
2022-12-30,AUDUSD,0.68126,0.005312398547944408
2023-01-02,AUDUSD,0.6797,-0.002289874644041956
2023-01-03,AUDUSD,0.6724,-0.010740032367220764
2023-01-04,AUDUSD,0.68398,0.017221891731112438
2023-01-05,AUDUSD,0.67512,-0.012953595134360674
2023-01-06,AUDUSD,0.68742,0.018218983291859114
2023-01-09,AUDUSD,0.69073,0.004815105757760785
2023-01-10,AUDUSD,0.68872,-0.0029099648198281924
2023-01-11,AUDUSD,0.6904,0.0024393077012430098
2023-01-12,AUDUSD,0.69658,0.008951332560834135
2023-01-13,AUDUSD,0.69676,0.0002584053518619456
2023-01-16,AUDUSD,0.69518,-0.002267638785234505
2023-01-17,AUDUSD,0.69872,0.005092206335049809
2023-01-18,AUDUSD,0.69416,-0.0065262193725670326
2023-01-19,AUDUSD,0.69094,-0.004638700011524777
2023-01-20,AUDUSD,0.69672,0.008365415231423867
2023-01-23,AUDUSD,0.70257,0.008396486393386082
2023-01-24,AUDUSD,0.70453,0.0027897576042243966
2023-01-25,AUDUSD,0.71026,0.008133081628887373
2023-01-26,AUDUSD,0.71137,0.0015628079858078792
2023-01-27,AUDUSD,0.71064,-0.0010261889031023541
2023-01-30,AUDUSD,0.70598,-0.006557469323426712
2023-01-31,AUDUSD,0.70542,-0.0007932236040680829
2023-02-01,AUDUSD,0.7135,0.011454169147458115
2023-02-02,AUDUSD,0.7076,-0.008269096005606213
2023-02-03,AUDUSD,0.69176,-0.022385528547201772
2023-02-06,AUDUSD,0.68815,-0.005218572915462016
2023-02-07,AUDUSD,0.69579,0.011102230618324382
2023-02-08,AUDUSD,0.69267,-0.004484111585392192
2023-02-09,AUDUSD,0.69355,0.0012704462442432174
2023-02-10,AUDUSD,0.69143,-0.0030567370773556535
2023-02-13,AUDUSD,0.69643,0.007231390017789163
2023-02-14,AUDUSD,0.69851,0.0029866605401833723
2023-02-15,AUDUSD,0.6902,-0.011896751657098581
2023-02-16,AUDUSD,0.68781,-0.0034627644161112636
2023-02-17,AUDUSD,0.68761,-0.000290777976476031
2023-02-20,AUDUSD,0.6906,0.004348395165864272
2023-02-21,AUDUSD,0.68515,-0.0078916883869099
2023-02-22,AUDUSD,0.68021,-0.007210099978107065
2023-02-23,AUDUSD,0.68071,0.0007350671116272967
2023-02-24,AUDUSD,0.67219,-0.012516343229863058
2023-02-27,AUDUSD,0.67381,0.002410032877609103
2023-02-28,AUDUSD,0.6728,-0.0014989388700079598
2023-03-01,AUDUSD,0.67596,0.004696789536266399
2023-03-02,AUDUSD,0.67295,-0.004452926208651342
2023-03-03,AUDUSD,0.67674,0.0056319191618989795
2023-03-06,AUDUSD,0.67297,-0.005570824836717225
2023-03-07,AUDUSD,0.65832,-0.021769172474255805
2023-03-08,AUDUSD,0.65883,0.0007746992344148662
2023-03-09,AUDUSD,0.65885,3.0356844709533704e-05
2023-03-10,AUDUSD,0.65781,-0.0015785080063748236
2023-03-13,AUDUSD,0.6666,0.013362521092716628
2023-03-14,AUDUSD,0.66794,0.002010201020101965
2023-03-15,AUDUSD,0.6613,-0.009941012665808269
2023-03-16,AUDUSD,0.66521,0.005912596401028258
2023-03-17,AUDUSD,0.6695,0.006449091264412843
2023-03-20,AUDUSD,0.67163,0.0031814787154591517
2023-03-21,AUDUSD,0.6668,-0.007191459583401616
2023-03-22,AUDUSD,0.66821,0.00211457708458318
2023-03-23,AUDUSD,0.66872,0.0007632331153379912
2023-03-24,AUDUSD,0.6645,-0.006310563464529295
2023-03-27,AUDUSD,0.66484,0.0005116629044394916
2023-03-28,AUDUSD,0.6705,0.008513326514650199
2023-03-29,AUDUSD,0.66818,-0.00346010439970168
2023-03-30,AUDUSD,0.67109,0.004355113891466367
2023-03-31,AUDUSD,0.6685,-0.0038593929279232553
2023-04-03,AUDUSD,0.6782,0.01451009723261043
2023-04-04,AUDUSD,0.67515,-0.004497198466529073
2023-04-05,AUDUSD,0.67209,-0.0045323261497446365
2023-04-06,AUDUSD,0.6671,-0.0074246008719069945
2023-04-07,AUDUSD,0.6668,-0.0004497076900016328
2023-04-10,AUDUSD,0.66401,-0.0041841631673664725
2023-04-11,AUDUSD,0.6652,0.0017921416846131688
2023-04-12,AUDUSD,0.6691,0.005862898376428172
2023-04-13,AUDUSD,0.67819,0.013585413241667732
2023-04-14,AUDUSD,0.6708,-0.010896651380881472
2023-04-17,AUDUSD,0.67018,-0.0009242695289206626
2023-04-18,AUDUSD,0.67267,0.0037154197379807297
2023-04-19,AUDUSD,0.67127,-0.002081258269285069
2023-04-20,AUDUSD,0.6741,0.00421588928449057
2023-04-21,AUDUSD,0.669,-0.007565643079661788
2023-04-24,AUDUSD,0.6693,0.0004484304932734773
2023-04-25,AUDUSD,0.66267,-0.00990587180636493
2023-04-26,AUDUSD,0.6604,-0.0034255360888526543
2023-04-27,AUDUSD,0.66269,0.0034675953967293616
2023-04-28,AUDUSD,0.66112,-0.0023691318716141385
2023-05-01,AUDUSD,0.66266,0.0023293804453048406
2023-05-02,AUDUSD,0.66619,0.005327015362327492
2023-05-03,AUDUSD,0.66706,0.0013059337426259976
2023-05-04,AUDUSD,0.66916,0.003148142595868375
2023-05-05,AUDUSD,0.6748,0.00842847749417186
2023-05-08,AUDUSD,0.67799,0.0047273266152934035
2023-05-09,AUDUSD,0.6767,-0.0019026829304267245
2022-05-18,EURCAD,1.34783,
2022-05-19,EURCAD,1.35653,0.006454819969877512
2022-05-20,EURCAD,1.35561,-0.0006782009981349812
2022-05-23,EURCAD,1.3646,0.006631700857916423
2022-05-24,EURCAD,1.37551,0.00799501685475601
2022-05-25,EURCAD,1.36851,-0.005089021526561099
2022-05-26,EURCAD,1.37028,0.0012933774689261046
2022-05-27,EURCAD,1.36554,-0.003459147035642318
2022-05-30,EURCAD,1.36384,-0.0012449287461371306
2022-05-31,EURCAD,1.35745,-0.004685300328484243
2022-06-01,EURCAD,1.34795,-0.006998416147924513
2022-06-02,EURCAD,1.35064,0.0019956229830484506
2022-06-03,EURCAD,1.34991,-0.0005404845110467127
2022-06-06,EURCAD,1.345,-0.003637279522338499
2022-06-07,EURCAD,1.34141,-0.0026691449814125745
2022-06-08,EURCAD,1.34548,0.0030341208131741126
2022-06-09,EURCAD,1.34821,0.0020290156672710946
2022-06-10,EURCAD,1.34426,-0.0029298106378086164
2022-06-13,EURCAD,1.34176,-0.00185975927275972
2022-06-14,EURCAD,1.34946,0.0057387312186978345
2022-06-15,EURCAD,1.34595,-0.0026010404161666
2022-06-16,EURCAD,1.36656,0.015312604480107073
2022-06-17,EURCAD,1.36743,0.0006366350544431132
2022-06-20,EURCAD,1.36434,-0.0022597134771065175
2022-06-21,EURCAD,1.36072,-0.002653297565123225
2022-06-22,EURCAD,1.36789,0.005269269210418148
2022-06-23,EURCAD,1.36742,-0.0003435948797052557
2022-06-24,EURCAD,1.36033,-0.005184946834184134
2022-06-27,EURCAD,1.36231,0.0014555291730682374
2022-06-28,EURCAD,1.35433,-0.00585769758718635
2022-06-29,EURCAD,1.3461,-0.006076805505305205
2022-06-30,EURCAD,1.34871,0.0019389347002451984
2022-07-01,EURCAD,1.34339,-0.003944509939126983
2022-07-04,EURCAD,1.33946,-0.00292543490721231
2022-07-05,EURCAD,1.33756,-0.0014184820748659455
2022-07-06,EURCAD,1.32703,-0.007872544035407825
2022-07-07,EURCAD,1.31759,-0.007113629684332601
2022-07-08,EURCAD,1.3182,0.000462966476673321
2022-07-11,EURCAD,1.30522,-0.009846760734334659
2022-07-12,EURCAD,1.30645,0.0009423698686810145
2022-07-13,EURCAD,1.30452,-0.0014772857744268508
2022-07-14,EURCAD,1.3144,0.007573666942630286
2022-07-15,EURCAD,1.31342,-0.0007455873402312241
2022-07-18,EURCAD,1.31705,0.0027637770096389236
2022-07-19,EURCAD,1.31629,-0.000577047188793256
2022-07-20,EURCAD,1.31144,-0.003684598378776771
2022-07-21,EURCAD,1.31598,0.00346184346977374
2022-07-22,EURCAD,1.31864,0.0020213073147008487
2022-07-25,EURCAD,1.31256,-0.00461081113874906
2022-07-26,EURCAD,1.30336,-0.007009203388797403
2022-07-27,EURCAD,1.30795,0.00352166707586532
2022-07-28,EURCAD,1.30564,-0.0017661225582017437
2022-07-29,EURCAD,1.3081,0.0018841334517938346
2022-08-01,EURCAD,1.31699,0.006796116504854455
2022-08-02,EURCAD,1.3084,-0.0065224489176076705
2022-08-03,EURCAD,1.30604,-0.0018037297462548674
2022-08-04,EURCAD,1.31791,0.009088542464242844
2022-08-05,EURCAD,1.31637,-0.0011685168182955508
2022-08-08,EURCAD,1.31112,-0.003988240388340669
2022-08-09,EURCAD,1.31572,0.0035084507901641526
2022-08-10,EURCAD,1.31572,0.0
2022-08-11,EURCAD,1.31731,0.001208463806888993
2022-08-12,EURCAD,1.31016,-0.005427727717849273
2022-08-15,EURCAD,1.31031,0.00011448983330297757
2022-08-16,EURCAD,1.30598,-0.0033045615159772446
2022-08-17,EURCAD,1.31392,0.0060797255700699715
2022-08-18,EURCAD,1.30547,-0.006431137359961037
2022-08-19,EURCAD,1.30363,-0.001409454066351512
2022-08-22,EURCAD,1.2976,-0.004625545591924074
2022-08-23,EURCAD,1.29129,-0.004862823674475991
2022-08-24,EURCAD,1.29222,0.0007202100225354169
2022-08-25,EURCAD,1.28944,-0.002151336459735975
2022-08-26,EURCAD,1.29797,0.006615274847996178
2022-08-29,EURCAD,1.30039,0.0018644498717226288
2022-08-30,EURCAD,1.31074,0.007959150716323693
2022-08-31,EURCAD,1.31832,0.005782992813220034
2022-09-01,EURCAD,1.30779,-0.007987438558164861
2022-09-02,EURCAD,1.3058,-0.0015216510295995578
2022-09-05,EURCAD,1.30514,-0.0005054372798285467
2022-09-06,EURCAD,1.30247,-0.0020457575432519803
2022-09-07,EURCAD,1.31261,0.00778520810460126
2022-09-08,EURCAD,1.30833,-0.0032606791049893946
2022-09-09,EURCAD,1.30749,-0.0006420398523308002
2022-09-12,EURCAD,1.31401,0.004986653817619979
2022-09-13,EURCAD,1.31217,-0.0014002937572772378
2022-09-14,EURCAD,1.31331,0.0008687898671664307
2022-09-15,EURCAD,1.32216,0.006738698403271126
2022-09-16,EURCAD,1.3282,0.004568282204876928
2022-09-19,EURCAD,1.32831,8.281885258254462e-05
2022-09-20,EURCAD,1.33213,0.0028758347072594947
2022-09-21,EURCAD,1.32401,-0.0060955011898239375
2022-09-22,EURCAD,1.326,0.001503009795998711
2022-09-23,EURCAD,1.31689,-0.00687028657616906
2022-09-26,EURCAD,1.31987,0.0022629073043307635
2022-09-27,EURCAD,1.31693,-0.0022274921014949767
2022-09-28,EURCAD,1.3242,0.0055204149043610595
2022-09-29,EURCAD,1.34279,0.014038664854251426
2022-09-30,EURCAD,1.35491,0.009025983214054456
2022-10-03,EURCAD,1.33805,-0.012443630942276629
2022-10-04,EURCAD,1.34827,0.007637980643473874
2022-10-05,EURCAD,1.34586,-0.001787475802324523
2022-10-06,EURCAD,1.34581,-3.7150966668231256e-05
2022-10-07,EURCAD,1.33809,-0.005736322363483648
2022-10-10,EURCAD,1.3366,-0.0011135274906770576
2022-10-11,EURCAD,1.33815,0.0011596588358520066
2022-10-12,EURCAD,1.33988,0.001292829652878913
2022-10-13,EURCAD,1.34423,0.0032465593933785897
2022-10-14,EURCAD,1.35067,0.0047908468044903785
2022-10-17,EURCAD,1.34951,-0.0008588330236105612
2022-10-18,EURCAD,1.35474,0.003875480730042735
2022-10-19,EURCAD,1.34437,-0.007654605311720353
2022-10-20,EURCAD,1.3468,0.0018075381033495486
2022-10-21,EURCAD,1.34526,-0.0011434511434512684
2022-10-24,EURCAD,1.35311,0.005835303212762044
2022-10-25,EURCAD,1.3563,0.0023575319079749413
2022-10-26,EURCAD,1.36637,0.00742461107424619
2022-10-27,EURCAD,1.35237,-0.01024612659821278
2022-10-28,EURCAD,1.35501,0.0019521284855474885
2022-10-31,EURCAD,1.34571,-0.006863417982155173
2022-11-01,EURCAD,1.34585,0.00010403430159544591
2022-11-02,EURCAD,1.3454,-0.00033436118438168183
2022-11-03,EURCAD,1.33991,-0.004080570833952746
2022-11-04,EURCAD,1.34196,0.0015299535043398205
2022-11-07,EURCAD,1.35152,0.007123908313213523
2022-11-08,EURCAD,1.35236,0.0006215224340002656
2022-11-09,EURCAD,1.35394,0.00116832796001054
2022-11-10,EURCAD,1.3601,0.004549684624134187
2022-11-11,EURCAD,1.37195,0.008712594662157125
2022-11-14,EURCAD,1.3748,0.0020773351798535344
2022-11-15,EURCAD,1.37421,-0.0004291533313937057
2022-11-16,EURCAD,1.38525,0.008033706638723492
2022-11-17,EURCAD,1.38024,-0.0036166756903087682
2022-11-18,EURCAD,1.38159,0.000978090766823314
2022-11-21,EURCAD,1.37717,-0.0031992125015380957
2022-11-22,EURCAD,1.37709,-5.809014137692081e-05
2022-11-23,EURCAD,1.38812,0.008009643523662291
2022-11-24,EURCAD,1.38819,5.042791689491288e-05
2022-11-25,EURCAD,1.39093,0.001973793212744601
2022-11-28,EURCAD,1.39464,0.0026672801650695632
2022-11-29,EURCAD,1.40195,0.0052414960133080335
2022-11-30,EURCAD,1.39529,-0.004750526052997639
2022-12-01,EURCAD,1.41288,0.012606698249109538
2022-12-02,EURCAD,1.41899,0.0043245003114207314
2022-12-05,EURCAD,1.42528,0.004432730322271539
2022-12-06,EURCAD,1.42865,0.0023644476874717935
2022-12-07,EURCAD,1.43377,0.003583802890841037
2022-12-08,EURCAD,1.4349,0.0007881319876967829
2022-12-09,EURCAD,1.43694,0.0014217018607569631
2022-12-12,EURCAD,1.43637,-0.0003966762704080695
2022-12-13,EURCAD,1.44011,0.002603785932594027
2022-12-14,EURCAD,1.44702,0.004798244578539057
2022-12-15,EURCAD,1.45127,0.002937070669375652
2022-12-16,EURCAD,1.44928,-0.0013712127998236623
2022-12-19,EURCAD,1.44672,-0.0017663943475380028
2022-12-20,EURCAD,1.4456,-0.000774165007741634
2022-12-21,EURCAD,1.44314,-0.0017017155506363624
2022-12-22,EURCAD,1.44594,0.0019402137006803155
2022-12-23,EURCAD,1.44238,-0.002462066199150681
2022-12-26,EURCAD,1.44401,0.001130076678822478
2022-12-27,EURCAD,1.43861,-0.0037395862909537225
2022-12-28,EURCAD,1.44403,0.0037675255976254984
2022-12-29,EURCAD,1.44412,6.232557495344793e-05
2022-12-30,EURCAD,1.44958,0.0037808492369055813
2023-01-02,EURCAD,1.4476,-0.0013659128851115643
2023-01-03,EURCAD,1.44115,-0.004455650732246519
2023-01-04,EURCAD,1.429,-0.008430767095722103
2023-01-05,EURCAD,1.42702,-0.0013855843247027044
2023-01-06,EURCAD,1.42985,0.0019831537049235237
2023-01-09,EURCAD,1.43654,0.004678812462845627
2023-01-10,EURCAD,1.44082,0.002979381012711224
2023-01-11,EURCAD,1.44349,0.0018531114226620904
2023-01-12,EURCAD,1.45063,0.004946345315866463
2023-01-13,EURCAD,1.45015,-0.0003308907164473185
2023-01-16,EURCAD,1.45036,0.00014481260559251474
2023-01-17,EURCAD,1.44438,-0.004123114261286864
2023-01-18,EURCAD,1.45624,0.008211135573740869
2023-01-19,EURCAD,1.45795,0.0011742569906059153
2023-01-20,EURCAD,1.45174,-0.004259405329400945
2023-01-23,EURCAD,1.45317,0.0009850248667115924
2023-01-24,EURCAD,1.45522,0.001410709001699706
2023-01-25,EURCAD,1.46182,0.004535396709775874
2023-01-26,EURCAD,1.45075,-0.00757275177518435
2023-01-27,EURCAD,1.44602,-0.003260382560744346
2023-01-30,EURCAD,1.45236,0.004384448347878989
2023-01-31,EURCAD,1.44537,-0.004812856316615766
2023-02-01,EURCAD,1.46005,0.010156568906231733
2023-02-02,EURCAD,1.45254,-0.005143659463717087
2023-02-03,EURCAD,1.44537,-0.004936180759221753
2023-02-06,EURCAD,1.44189,-0.002407687996845209
2023-02-07,EURCAD,1.43705,-0.0033567054352273695
2023-02-08,EURCAD,1.4402,0.0021919905361678094
2023-02-09,EURCAD,1.4445,0.002985696431051288
2023-02-10,EURCAD,1.42413,-0.014101765316718584
2023-02-13,EURCAD,1.42933,0.0036513520535343957
2023-02-14,EURCAD,1.43154,0.0015461789789621427
2023-02-15,EURCAD,1.43143,-7.684032580301814e-05
2023-02-16,EURCAD,1.43618,0.003318359961716588
2023-02-17,EURCAD,1.44059,0.003070645740784528
2023-02-20,EURCAD,1.43731,-0.0022768449038240712
2023-02-21,EURCAD,1.44122,0.00272035956056782
2023-02-22,EURCAD,1.43683,-0.0030460304464272614
2023-02-23,EURCAD,1.43531,-0.0010578843704543983
2023-02-24,EURCAD,1.43407,-0.0008639248664052968
2023-02-27,EURCAD,1.44008,0.004190869343895454
2023-02-28,EURCAD,1.44304,0.0020554413643687486
2023-03-01,EURCAD,1.44961,0.004552888346823325
2023-03-02,EURCAD,1.44062,-0.0062016680348507824
2023-03-03,EURCAD,1.44539,0.0033110743985227398
2023-03-06,EURCAD,1.45332,0.00548640851258142
2023-03-07,EURCAD,1.4508,-0.0017339608620261515
2023-03-08,EURCAD,1.45539,0.0031637717121586473
2023-03-09,EURCAD,1.46256,0.004926514542493932
2023-03-10,EURCAD,1.47011,0.0051621813805928785
2023-03-13,EURCAD,1.47289,0.0018910149580644298
2023-03-14,EURCAD,1.46793,-0.0033675291433847843
2023-03-15,EURCAD,1.45549,-0.008474518539712372
2023-03-16,EURCAD,1.45587,0.0002610804608758066
2023-03-17,EURCAD,1.46383,0.005467521138563081
2023-03-20,EURCAD,1.46478,0.0006489824638107322
2023-03-21,EURCAD,1.47609,0.007721296030803293
2023-03-22,EURCAD,1.49005,0.009457417908122157
2023-03-23,EURCAD,1.4848,-0.0035233716989364616
2023-03-24,EURCAD,1.4781,-0.004512392241379226
2023-03-27,EURCAD,1.47463,-0.0023476084162099564
2023-03-28,EURCAD,1.47445,-0.00012206451787910577
2023-03-29,EURCAD,1.46962,-0.0032757977550952333
2023-03-30,EURCAD,1.47451,0.0033273907540725123
2023-03-31,EURCAD,1.46451,-0.006781913991766753
2023-04-03,EURCAD,1.46368,-0.0005667424599353765
2023-04-04,EURCAD,1.47243,0.005978082641014293
2023-04-05,EURCAD,1.46743,-0.003395747166248908
2023-04-06,EURCAD,1.472,0.0031142882454358034
2023-04-07,EURCAD,1.47212,8.152173913056338e-05
2023-04-10,EURCAD,1.46684,-0.0035866641306416813
2023-04-11,EURCAD,1.46902,0.0014861879959642277
2023-04-12,EURCAD,1.47722,0.005581952594246431
2023-04-13,EURCAD,1.47282,-0.0029785678504217206
2023-04-14,EURCAD,1.46868,-0.0028109341263697907
2023-04-17,EURCAD,1.46322,-0.0037176239888879747
2023-04-18,EURCAD,1.46891,0.0038886838616203345
2023-04-19,EURCAD,1.47392,0.0034106922820322794
2023-04-20,EURCAD,1.47749,0.0024221124620060763
2023-04-21,EURCAD,1.48727,0.006619334141009459
2023-04-24,EURCAD,1.49556,0.005573971101413999
2023-04-25,EURCAD,1.49491,-0.00043461980796488664
2023-04-26,EURCAD,1.50486,0.006655919085430062
2023-04-27,EURCAD,1.49778,-0.004704756588652881
2023-04-28,EURCAD,1.49214,-0.0037655730481110927
2023-05-01,EURCAD,1.48584,-0.0042221239293900314
2023-05-02,EURCAD,1.49864,0.008614655682980699
2023-05-03,EURCAD,1.50534,0.004470720119575056
2023-05-04,EURCAD,1.49067,-0.009745306708119017
2023-05-05,EURCAD,1.47299,-0.011860438594725853
2023-05-08,EURCAD,1.47122,-0.001201637485658491
2023-05-09,EURCAD,1.46856,-0.001808023273201731
2022-05-18,EURCHF,1.03291,
2022-05-19,EURCHF,1.02951,-0.003291671103968441
2022-05-20,EURCHF,1.02877,-0.0007187885498926017
2022-05-23,EURCHF,1.03188,0.0030230274988578554
2022-05-24,EURCHF,1.0314,-0.0004651703686473496
2022-05-25,EURCHF,1.0279,-0.0033934458018227698
2022-05-26,EURCHF,1.02867,0.0007491001070143444
2022-05-27,EURCHF,1.02712,-0.0015068000427735928
2022-05-30,EURCHF,1.03161,0.00437144637432807
2022-05-31,EURCHF,1.02941,-0.00213258886594736
2022-06-01,EURCHF,1.02559,-0.0037108635043373583
2022-06-02,EURCHF,1.02912,0.003441921235581402
2022-06-03,EURCHF,1.0306,0.0014381218905472615
2022-06-06,EURCHF,1.0382,0.007374345041723407
2022-06-07,EURCHF,1.04083,0.0025332305914080866
2022-06-08,EURCHF,1.04809,0.0069752024826341685
2022-06-09,EURCHF,1.04058,-0.00716541518381042
2022-06-10,EURCHF,1.03901,-0.001508773952987874
2022-06-13,EURCHF,1.0387,-0.0002983609397407827
2022-06-14,EURCHF,1.0433,0.004428612688938127
2022-06-15,EURCHF,1.03829,-0.004802070353685406
2022-06-16,EURCHF,1.0198,-0.017808126823912307
2022-06-17,EURCHF,1.01785,-0.0019121396352227427
2022-06-20,EURCHF,1.0164,-0.0014245714005010068
2022-06-21,EURCHF,1.01729,0.0008756395120033122
2022-06-22,EURCHF,1.01537,-0.0018873674173538468
2022-06-23,EURCHF,1.01103,-0.004274303948314406
2022-06-24,EURCHF,1.00992,-0.001097890270318591
2022-06-27,EURCHF,1.0119,0.0019605513307985323
2022-06-28,EURCHF,1.007,-0.004842375728827064
2022-06-29,EURCHF,0.99667,-0.010258192651439901
2022-06-30,EURCHF,1.0007,0.004043464737575997
2022-07-01,EURCHF,1.00027,-0.000429699210552581
2022-07-04,EURCHF,1.00155,0.0012796544932867082
2022-07-05,EURCHF,0.99408,-0.007458439418900675
2022-07-06,EURCHF,0.9882,-0.005915016900048253
2022-07-07,EURCHF,0.98949,0.001305403764420232
2022-07-08,EURCHF,0.9943,0.004861090056493822
2022-07-11,EURCHF,0.98643,-0.007915116162124036
2022-07-12,EURCHF,0.9851,-0.0013482963819024807
2022-07-13,EURCHF,0.9844,-0.0007105877575880326
2022-07-14,EURCHF,0.98523,0.0008431531897603595
2022-07-15,EURCHF,0.98376,-0.0014920373922840957
2022-07-18,EURCHF,0.99138,0.007745791656501577
2022-07-19,EURCHF,0.9904,-0.0009885210514637421
2022-07-20,EURCHF,0.9884,-0.0020193861066235552
2022-07-21,EURCHF,0.9883,-0.00010117361392147917
2022-07-22,EURCHF,0.98131,-0.0070727511889101535
2022-07-25,EURCHF,0.9857,0.004473611804628463
2022-07-26,EURCHF,0.97398,-0.011890027391701419
2022-07-27,EURCHF,0.9786,0.004743423889607579
2022-07-28,EURCHF,0.9735,-0.005211526670754085
2022-07-29,EURCHF,0.97264,-0.000883410374935889
2022-08-01,EURCHF,0.9744,0.0018095081427866866
2022-08-02,EURCHF,0.97316,-0.0012725779967159845
2022-08-03,EURCHF,0.97662,0.0035554276789018235
2022-08-04,EURCHF,0.97824,0.0016587823308962246
2022-08-05,EURCHF,0.97894,0.0007155708210664358
2022-08-08,EURCHF,0.9736,-0.005454879767912257
2022-08-09,EURCHF,0.9737,0.00010271158586694362
2022-08-10,EURCHF,0.97045,-0.0033377837116154163
2022-08-11,EURCHF,0.97128,0.0008552733268072377
2022-08-12,EURCHF,0.96549,-0.0059612058314801875
2022-08-15,EURCHF,0.96103,-0.004619416047809799
2022-08-16,EURCHF,0.9657,0.004859369634662825
2022-08-17,EURCHF,0.9683,0.0026923475199338576
2022-08-18,EURCHF,0.9651,-0.0033047609212022433
2022-08-19,EURCHF,0.96225,-0.0029530618588746727
2022-08-22,EURCHF,0.9582,-0.004208885424785702
2022-08-23,EURCHF,0.96111,0.003036944270507158
2022-08-24,EURCHF,0.96302,0.001987285534434058
2022-08-25,EURCHF,0.9607,-0.0024090880770908374
2022-08-26,EURCHF,0.96237,0.001738315811387503
2022-08-29,EURCHF,0.968,0.005850140798237646
2022-08-30,EURCHF,0.9755,0.00774793388429762
2022-08-31,EURCHF,0.98237,0.007042542286007203
2022-09-01,EURCHF,0.97602,-0.006463959607887038
2022-09-02,EURCHF,0.97534,-0.0006967070346919346
2022-09-05,EURCHF,0.973,-0.0023991633686714087
2022-09-06,EURCHF,0.9744,0.0014388489208634336
2022-09-07,EURCHF,0.9774,0.0030788177339902134
2022-09-08,EURCHF,0.97004,-0.007530182115817463
2022-09-09,EURCHF,0.96349,-0.00675229887427331
2022-09-12,EURCHF,0.96472,0.0012766089943849757
2022-09-13,EURCHF,0.9586,-0.006343809602786354
2022-09-14,EURCHF,0.9603,0.0017734195702066025
2022-09-15,EURCHF,0.96071,0.00042694991148595207
2022-09-16,EURCHF,0.96599,0.00549593529785275
2022-09-19,EURCHF,0.9663,0.00032091429517899783
2022-09-20,EURCHF,0.96071,-0.005784952913174046
2022-09-21,EURCHF,0.95075,-0.010367332493676495
2022-09-22,EURCHF,0.96075,0.010518012095714013
2022-09-23,EURCHF,0.95086,-0.010294041113713237
2022-09-26,EURCHF,0.9551,0.004459121216582762
2022-09-27,EURCHF,0.95135,-0.003926290440791402
2022-09-28,EURCHF,0.9495,-0.0019446050349503086
2022-09-29,EURCHF,0.9575,0.008425487098472795
2022-09-30,EURCHF,0.96695,0.009869451697127829
2022-10-03,EURCHF,0.97423,0.0075288277573815066
2022-10-04,EURCHF,0.9781,0.003972367921332598
2022-10-05,EURCHF,0.9716,-0.006645537266128154
2022-10-06,EURCHF,0.9696,-0.0020584602717167444
2022-10-07,EURCHF,0.96825,-0.0013923267326731992
2022-10-10,EURCHF,0.9698,0.00160082623289437
2022-10-11,EURCHF,0.9673,-0.0025778511033202056
2022-10-12,EURCHF,0.96776,0.00047555050139558297
2022-10-13,EURCHF,0.97806,0.010643134661486364
2022-10-14,EURCHF,0.9767,-0.0013905077398115306
2022-10-17,EURCHF,0.9798,0.0031739531074024274
2022-10-18,EURCHF,0.97998,0.0001837109614206689
2022-10-19,EURCHF,0.982,0.0020612665564603283
2022-10-20,EURCHF,0.98154,-0.0004684317718941511
2022-10-21,EURCHF,0.98376,0.002261751940827672
2022-10-24,EURCHF,0.9878,0.004106692689273883
2022-10-25,EURCHF,0.99113,0.0033711277586554456
2022-10-26,EURCHF,0.9938,0.0026938948472956525
2022-10-27,EURCHF,0.98719,-0.006651237673576227
2022-10-28,EURCHF,0.99231,0.005186438274293659
2022-10-31,EURCHF,0.98935,-0.002982938799367174
2022-11-01,EURCHF,0.98713,-0.002243897508465209
2022-11-02,EURCHF,0.98444,-0.002725071672424084
2022-11-03,EURCHF,0.9877,0.0033115273658119726
2022-11-04,EURCHF,0.98954,0.0018629138402348477
2022-11-07,EURCHF,0.99038,0.0008488792772400888
2022-11-08,EURCHF,0.99223,0.0018679698701506986
2022-11-09,EURCHF,0.9856,-0.006681918506797779
2022-11-10,EURCHF,0.9837,-0.0019277597402597157
2022-11-11,EURCHF,0.9742,-0.00965741587882496
2022-11-14,EURCHF,0.9737,-0.0005132416341613322
2022-11-15,EURCHF,0.9768,0.003183732155694674
2022-11-16,EURCHF,0.98188,0.005200655200655158
2022-11-17,EURCHF,0.98602,0.004216401189554686
2022-11-18,EURCHF,0.9853,-0.0007302083122047165
2022-11-21,EURCHF,0.98106,-0.004303257890997614
2022-11-22,EURCHF,0.98064,-0.00042810837257667433
2022-11-23,EURCHF,0.97947,-0.0011930983847283638
2022-11-24,EURCHF,0.9816,0.0021746454715305674
2022-11-25,EURCHF,0.98274,0.001161369193154016
2022-11-28,EURCHF,0.98117,-0.0015975741294746992
2022-11-29,EURCHF,0.98477,0.0036690889448312003
2022-11-30,EURCHF,0.9838,-0.0009850015739716333
2022-12-01,EURCHF,0.9859,0.0021345801992274094
2022-12-02,EURCHF,0.9873,0.0014200223146363378
2022-12-05,EURCHF,0.9886,0.001316722374151702
2022-12-06,EURCHF,0.98587,-0.0027614808820554115
2022-12-07,EURCHF,0.98815,0.0023126781421485276
2022-12-08,EURCHF,0.9881,-5.0599605323053964e-05
2022-12-09,EURCHF,0.9839,-0.004250581924906349
2022-12-12,EURCHF,0.98603,0.002164854151844642
2022-12-13,EURCHF,0.98731,0.0012981349451843816
2022-12-14,EURCHF,0.98729,-2.025706211827849e-05
2022-12-15,EURCHF,0.9866,-0.0006988828003929859
2022-12-16,EURCHF,0.98869,0.0021183863774578704
2022-12-19,EURCHF,0.985,-0.003732211309915079
2022-12-20,EURCHF,0.98353,-0.0014923857868019974
2022-12-21,EURCHF,0.98241,-0.001138755299787464
2022-12-22,EURCHF,0.98671,0.004376991276554554
2022-12-23,EURCHF,0.99081,0.00415522291250725
2022-12-26,EURCHF,0.99066,-0.00015139128591756812
2022-12-27,EURCHF,0.988,-0.00268507863444567
2022-12-28,EURCHF,0.98556,-0.002469635627530331
2022-12-29,EURCHF,0.98411,-0.0014712447745444113
2022-12-30,EURCHF,0.98984,0.0058225198402617195
2023-01-02,EURCHF,0.9867,-0.0031722298553301664
2023-01-03,EURCHF,0.98697,0.0002736394040740997
2023-01-04,EURCHF,0.98561,-0.001377954750397703
2023-01-05,EURCHF,0.98504,-0.0005783220543622569
2023-01-06,EURCHF,0.98725,0.0022435637131485997
2023-01-09,EURCHF,0.98864,0.0014079513800961951
2023-01-10,EURCHF,0.9904,0.0017802233371095877
2023-01-11,EURCHF,1.00169,0.011399434571890188
2023-01-12,EURCHF,1.00636,0.0046621210154838
2023-01-13,EURCHF,1.00324,-0.003100282205175109
2023-01-16,EURCHF,1.0023,-0.000936964235875748
2023-01-17,EURCHF,0.99462,-0.0076623765339718375
2023-01-18,EURCHF,0.98908,-0.005569966419336048
2023-01-19,EURCHF,0.99181,0.0027601407368462727
2023-01-20,EURCHF,0.99834,0.006583922323832203
2023-01-23,EURCHF,1.00184,0.0035058196606367886
2023-01-24,EURCHF,1.00409,0.0022458676036092307
2023-01-25,EURCHF,1.00177,-0.0023105498511087896
2023-01-26,EURCHF,1.00256,0.0007886041706177682
2023-01-27,EURCHF,1.00099,-0.001565991062878913
2023-01-30,EURCHF,1.00313,0.0021378834953396098
2023-01-31,EURCHF,0.9947,-0.00840369643017358
2023-02-01,EURCHF,0.9982,0.0035186488388458947
2023-02-02,EURCHF,0.99591,-0.0022941294329793527
2023-02-03,EURCHF,0.99952,0.003624825536444165
2023-02-06,EURCHF,0.99542,-0.004101968945093626
2023-02-07,EURCHF,0.98827,-0.0071828976713347314
2023-02-08,EURCHF,0.9862,-0.002094569297864002
2023-02-09,EURCHF,0.99014,0.003995132833096715
2023-02-10,EURCHF,0.98632,-0.003858040277132546
2023-02-13,EURCHF,0.98573,-0.0005981831454294761
2023-02-14,EURCHF,0.98894,0.0032564698243942036
2023-02-15,EURCHF,0.9871,-0.0018605779925982002
2023-02-16,EURCHF,0.98783,0.0007395400668626095
2023-02-17,EURCHF,0.98832,0.0004960367674600175
2023-02-20,EURCHF,0.9864,-0.0019426906265176402
2023-02-21,EURCHF,0.98763,0.0012469586374694863
2023-02-22,EURCHF,0.9872,-0.0004353857213734713
2023-02-23,EURCHF,0.98926,0.0020867098865477995
2023-02-24,EURCHF,0.99146,0.002223884519741981
2023-02-27,EURCHF,0.99256,0.0011094749157807282
2023-02-28,EURCHF,0.9966,0.004070282904811817
2023-03-01,EURCHF,1.0023,0.005719446116797089
2023-03-02,EURCHF,0.99818,-0.004110545744786975
2023-03-03,EURCHF,0.99554,-0.002644813560680359
2023-03-06,EURCHF,0.9934,-0.002149587158727928
2023-03-07,EURCHF,0.9935,0.00010066438494060748
2023-03-08,EURCHF,0.99258,-0.0009260191243080085
2023-03-09,EURCHF,0.9863,-0.006326945938866402
2023-03-10,EURCHF,0.98002,-0.006367231065598666
2023-03-13,EURCHF,0.9778,-0.002265259892655247
2023-03-14,EURCHF,0.98053,0.002791982000409199
2023-03-15,EURCHF,0.98689,0.0064862880279032975
2023-03-16,EURCHF,0.98606,-0.0008410258488787958
2023-03-17,EURCHF,0.98708,0.001034419812181664
2023-03-20,EURCHF,0.99519,0.008216152692790857
2023-03-21,EURCHF,0.99313,-0.0020699564907203927
2023-03-22,EURCHF,0.99615,0.0030408909206247614
2023-03-23,EURCHF,0.993,-0.0031621743713295958
2023-03-24,EURCHF,0.98917,-0.0038569989929506665
2023-03-27,EURCHF,0.98863,-0.0005459122294448893
2023-03-28,EURCHF,0.9972,0.00866856154476392
2023-03-29,EURCHF,0.99554,-0.0016646610509426507
2023-03-30,EURCHF,0.9961,0.0005625087891998337
2023-03-31,EURCHF,0.99169,-0.0044272663387210365
2023-04-03,EURCHF,0.995,0.003337736591071838
2023-04-04,EURCHF,0.992,-0.0030150753768843908
2023-04-05,EURCHF,0.9883,-0.0037298387096774688
2023-04-06,EURCHF,0.9876,-0.0007082869574015493
2023-04-07,EURCHF,0.98679,-0.0008201701093560887
2023-04-10,EURCHF,0.9878,0.001023520708560044
2023-04-11,EURCHF,0.98548,-0.0023486535735979253
2023-04-12,EURCHF,0.98444,-0.001055323294232302
2023-04-13,EURCHF,0.98239,-0.00208240217788791
2023-04-14,EURCHF,0.98176,-0.0006412931727725057
2023-04-17,EURCHF,0.9818,4.074315514990268e-05
2023-04-18,EURCHF,0.98329,0.0015176206966796002
2023-04-19,EURCHF,0.98305,-0.00024407855261421307
2023-04-20,EURCHF,0.97896,-0.004160520828035086
2023-04-21,EURCHF,0.98005,0.0011134264934216098
2023-04-24,EURCHF,0.98038,0.0003367175144126655
2023-04-25,EURCHF,0.9786,-0.0018156225137191395
2023-04-26,EURCHF,0.9838,0.0053137134682199605
2023-04-27,EURCHF,0.9857,0.0019312868469201216
2023-04-28,EURCHF,0.98488,-0.0008318961144364589
2023-05-01,EURCHF,0.98281,-0.0021017788969214246
2023-05-02,EURCHF,0.98223,-0.0005901445854233911
2023-05-03,EURCHF,0.97797,-0.004337069729085874
2023-05-04,EURCHF,0.97533,-0.002699469308874436
2023-05-05,EURCHF,0.9808,0.005608358196712793
2023-05-08,EURCHF,0.97882,-0.002018760195758529
2023-05-09,EURCHF,0.97932,0.0005108191495881709
2022-05-18,EURUSD,1.04615,
2022-05-19,EURUSD,1.05812,0.01144195383071267
2022-05-20,EURUSD,1.056,-0.0020035534721958292
2022-05-23,EURUSD,1.0689,0.012215909090909083
2022-05-24,EURUSD,1.0732,0.004022827205538482
2022-05-25,EURUSD,1.06785,-0.004985091315691359
2022-05-26,EURUSD,1.073,0.004822774734279056
2022-05-27,EURUSD,1.07317,0.00015843429636541728
2022-05-30,EURUSD,1.0777,0.004221139241685989
2022-05-31,EURUSD,1.07313,-0.004240512201911684
2022-06-01,EURUSD,1.06519,-0.007398917186174914
2022-06-02,EURUSD,1.07471,0.008937372675297262
2022-06-03,EURUSD,1.0719,-0.002614658838198225
2022-06-06,EURUSD,1.0694,-0.0023323071182014266
2022-06-07,EURUSD,1.07048,0.0010099121002433709
2022-06-08,EURUSD,1.07159,0.0010369180180853643
2022-06-09,EURUSD,1.06171,-0.009219944195074659
2022-06-10,EURUSD,1.0515,-0.009616561961364067
2022-06-13,EURUSD,1.04075,-0.010223490252020961
2022-06-14,EURUSD,1.04117,0.0004035551285128669
2022-06-15,EURUSD,1.04451,0.0032079295408051767
2022-06-16,EURUSD,1.0554,0.010425941350489465
2022-06-17,EURUSD,1.0498,-0.005306045101383217
2022-06-20,EURUSD,1.05117,0.0013050104781862082
2022-06-21,EURUSD,1.05337,0.0020929059999810207
2022-06-22,EURUSD,1.05638,0.002857495466930038
2022-06-23,EURUSD,1.05208,-0.004070504931937502
2022-06-24,EURUSD,1.0554,0.0031556535624668314
2022-06-27,EURUSD,1.0583,0.0027477733560736795
2022-06-28,EURUSD,1.05208,-0.0058773504677314126
2022-06-29,EURUSD,1.0439,-0.007775074138848592
2022-06-30,EURUSD,1.04771,0.003649774882651391
2022-07-01,EURUSD,1.0428,-0.004686411316108474
2022-07-04,EURUSD,1.0422,-0.0005753739930954849
2022-07-05,EURUSD,1.02646,-0.015102667434273687
2022-07-06,EURUSD,1.01821,-0.008037332190245938
2022-07-07,EURUSD,1.01603,-0.0021410121684132255
2022-07-08,EURUSD,1.0183,0.0022341859984449375
2022-07-11,EURUSD,1.0037,-0.014337621526072764
2022-07-12,EURUSD,1.0034,-0.0002988940918601246
2022-07-13,EURUSD,1.00553,0.0021227825393661526
2022-07-14,EURUSD,1.00183,-0.0036796515270554053
2022-07-15,EURUSD,1.00843,0.006587944062365736
2022-07-18,EURUSD,1.0144,0.005920093610860544
2022-07-19,EURUSD,1.0226,0.008083596214510935
2022-07-20,EURUSD,1.01791,-0.004586348523371697
2022-07-21,EURUSD,1.02267,0.004676248391311422
2022-07-22,EURUSD,1.021,-0.001632980335787737
2022-07-25,EURUSD,1.022,0.0009794319294809117
2022-07-26,EURUSD,1.01179,-0.009990215264187863
2022-07-27,EURUSD,1.01998,0.008094565077733762
2022-07-28,EURUSD,1.01947,-0.000500009804113799
2022-07-29,EURUSD,1.02248,0.002952514541869844
2022-08-01,EURUSD,1.02587,0.0033154682732181584
2022-08-02,EURUSD,1.01625,-0.009377406494000207
2022-08-03,EURUSD,1.01691,0.0006494464944648559
2022-08-04,EURUSD,1.02447,0.007434286220019404
2022-08-05,EURUSD,1.0181,-0.0062178492293576415
2022-08-08,EURUSD,1.0193,0.0011786661428150325
2022-08-09,EURUSD,1.02137,0.002030805454723561
2022-08-10,EURUSD,1.02976,0.008214457052782231
2022-08-11,EURUSD,1.03205,0.0022238191423242792
2022-08-12,EURUSD,1.0258,-0.006055908143985156
2022-08-15,EURUSD,1.01599,-0.009563267693507571
2022-08-16,EURUSD,1.01673,0.0007283536255278111
2022-08-17,EURUSD,1.0176,0.0008556843999882879
2022-08-18,EURUSD,1.00866,-0.00878537735849072
2022-08-19,EURUSD,1.0034,-0.005214839490016332
2022-08-22,EURUSD,0.99424,-0.009128961530795343
2022-08-23,EURUSD,0.9968,0.002574831026713964
2022-08-24,EURUSD,0.99677,-3.0096308186178256e-05
2022-08-25,EURUSD,0.99763,0.0008627868013684203
2022-08-26,EURUSD,0.9961,-0.0015336347142728135
2022-08-29,EURUSD,0.99979,0.003704447344644146
2022-08-30,EURUSD,1.00155,0.0017603696776322675
2022-08-31,EURUSD,1.00501,0.0034546452997854527
2022-09-01,EURUSD,0.9943,-0.010656610381986287
2022-09-02,EURUSD,0.995,0.0007040128733781792
2022-09-05,EURUSD,0.99293,-0.0020804020100502196
2022-09-06,EURUSD,0.9904,-0.0025480144622481715
2022-09-07,EURUSD,1.00079,0.010490710823909621
2022-09-08,EURUSD,0.99969,-0.001099131685968202
2022-09-09,EURUSD,1.0039,0.004211305504706608
2022-09-12,EURUSD,1.01188,0.007948998904273141
2022-09-13,EURUSD,0.99642,-0.015278491520733573
2022-09-14,EURUSD,0.99783,0.0014150659360510076
2022-09-15,EURUSD,0.9996,0.001773849252878712
2022-09-16,EURUSD,1.0015,0.0019007603041216736
2022-09-19,EURUSD,1.00256,0.0010584123814276758
2022-09-20,EURUSD,0.99691,-0.005635572933290756
2022-09-21,EURUSD,0.9836,-0.013351255379121407
2022-09-22,EURUSD,0.98332,-0.00028466856445719113
2022-09-23,EURUSD,0.969,-0.014562909327584084
2022-09-26,EURUSD,0.96091,-0.00834881320949421
2022-09-27,EURUSD,0.9594,-0.0015714270847425604
2022-09-28,EURUSD,0.97332,0.014509068167604777
2022-09-29,EURUSD,0.98167,0.008578884642255424
2022-09-30,EURUSD,0.98003,-0.0016706225106197792
2022-10-03,EURUSD,0.9821,0.0021121802393804234
2022-10-04,EURUSD,0.99828,0.016474900722940555
2022-10-05,EURUSD,0.98839,-0.009907040108987464
2022-10-06,EURUSD,0.97915,-0.009348536508868022
2022-10-07,EURUSD,0.9741,-0.005157534596333502
2022-10-10,EURUSD,0.97016,-0.004044759264962505
2022-10-11,EURUSD,0.97027,0.00011338335944577338
2022-10-12,EURUSD,0.9705,0.00023704741979035937
2022-10-13,EURUSD,0.97771,0.007429160226687159
2022-10-14,EURUSD,0.9719,-0.00594245737488619
2022-10-17,EURUSD,0.984,0.012449840518571786
2022-10-18,EURUSD,0.9862,0.002235772357723542
2022-10-19,EURUSD,0.97715,-0.009176637598864334
2022-10-20,EURUSD,0.97842,0.0012996981016220044
2022-10-21,EURUSD,0.9861,0.007849389832587317
2022-10-24,EURUSD,0.9869,0.0008112767467802762
2022-10-25,EURUSD,0.9966,0.00982875671293959
2022-10-26,EURUSD,1.00797,0.011408789885611004
2022-10-27,EURUSD,0.99643,-0.011448753435122083
2022-10-28,EURUSD,0.9963,-0.000130465762773202
2022-10-31,EURUSD,0.98814,-0.008190304125263448
2022-11-01,EURUSD,0.98746,-0.000688161596534953
2022-11-02,EURUSD,0.98146,-0.006076195491462988
2022-11-03,EURUSD,0.9748,-0.006785808896949463
2022-11-04,EURUSD,0.99581,0.02155313910545753
2022-11-07,EURUSD,1.0019,0.006115624466514813
2022-11-08,EURUSD,1.00728,0.0053697973849684555
2022-11-09,EURUSD,1.00103,-0.0062048288460009315
2022-11-10,EURUSD,1.0208,0.019749657852411895
2022-11-11,EURUSD,1.03538,0.014282915360501525
2022-11-14,EURUSD,1.03265,-0.002636713090845788
2022-11-15,EURUSD,1.03478,0.0020626543359318905
2022-11-16,EURUSD,1.03942,0.0044840449177603325
2022-11-17,EURUSD,1.03608,-0.003213330511246726
2022-11-18,EURUSD,1.03235,-0.003600108099760413
2022-11-21,EURUSD,1.02411,-0.00798178912190639
2022-11-22,EURUSD,1.0303,0.006044272587905519
2022-11-23,EURUSD,1.03954,0.00896826167135778
2022-11-24,EURUSD,1.04087,0.0012794120476364856
2022-11-25,EURUSD,1.0395,-0.0013162066348342272
2022-11-28,EURUSD,1.03388,-0.005406445406445526
2022-11-29,EURUSD,1.0328,-0.0010446086586450853
2022-11-30,EURUSD,1.04041,0.007368319132455614
2022-12-01,EURUSD,1.05257,0.011687700041329796
2022-12-02,EURUSD,1.05325,0.0006460377932109296
2022-12-05,EURUSD,1.04877,-0.0042535010681225005
2022-12-06,EURUSD,1.0465,-0.0021644402490536008
2022-12-07,EURUSD,1.05029,0.003621595795508803
2022-12-08,EURUSD,1.0554,0.004865322910815095
2022-12-09,EURUSD,1.05329,-0.001999241993556833
2022-12-12,EURUSD,1.05367,0.00036077433565306904
2022-12-13,EURUSD,1.06324,0.009082540074216716
2022-12-14,EURUSD,1.06815,0.004617960197133231
2022-12-15,EURUSD,1.06269,-0.005111641623367524
2022-12-16,EURUSD,1.05839,-0.0040463352435798905
2022-12-19,EURUSD,1.0606,0.002088077173820757
2022-12-20,EURUSD,1.06232,0.001621723552706067
2022-12-21,EURUSD,1.06039,-0.0018167783718653352
2022-12-22,EURUSD,1.05965,-0.0006978564490423
2022-12-23,EURUSD,1.06172,0.001953475204076849
2022-12-26,EURUSD,1.06332,0.001506988659910391
2022-12-27,EURUSD,1.0639,0.0005454613850957024
2022-12-28,EURUSD,1.0611,-0.002631826299464346
2022-12-29,EURUSD,1.06609,0.00470266704363409
2022-12-30,EURUSD,1.07025,0.0039021095779905313
2023-01-02,EURUSD,1.06656,-0.0034477925718290336
2023-01-03,EURUSD,1.0546,-0.011213621362136217
2023-01-04,EURUSD,1.06033,0.005433339654845382
2023-01-05,EURUSD,1.052,-0.007856044816236363
2023-01-06,EURUSD,1.06413,0.01153041825095058
2023-01-09,EURUSD,1.07292,0.008260268952101857
2023-01-10,EURUSD,1.07326,0.000316892219363929
2023-01-11,EURUSD,1.07562,0.0021989079999253924
2023-01-12,EURUSD,1.08522,0.00892508506721712
2023-01-13,EURUSD,1.08302,-0.0020272387165736205
2023-01-16,EURUSD,1.08198,-0.0009602777418701303
2023-01-17,EURUSD,1.07877,-0.002966783119835781
2023-01-18,EURUSD,1.0794,0.0005839984426707634
2023-01-19,EURUSD,1.08308,0.003409301463776382
2023-01-20,EURUSD,1.08549,0.0022251357240463676
2023-01-23,EURUSD,1.08715,0.0015292632820200769
2023-01-24,EURUSD,1.08851,0.0012509773260360735
2023-01-25,EURUSD,1.09154,0.0027836216479406595
2023-01-26,EURUSD,1.08916,-0.0021804056653902393
2023-01-27,EURUSD,1.08649,-0.0024514304601710446
2023-01-30,EURUSD,1.0848,-0.001555467606696781
2023-01-31,EURUSD,1.08626,0.0013458702064896855
2023-02-01,EURUSD,1.099,0.011728315504575315
2023-02-02,EURUSD,1.09092,-0.007352138307552436
2023-02-03,EURUSD,1.07929,-0.010660726726065883
2023-02-06,EURUSD,1.07252,-0.0062726421999649284
2023-02-07,EURUSD,1.07253,9.323835453045604e-06
2023-02-08,EURUSD,1.07099,-0.001435857272057528
2023-02-09,EURUSD,1.07398,0.002791809447333593
2023-02-10,EURUSD,1.06754,-0.005996387269781578
2023-02-13,EURUSD,1.07207,0.004243400715664203
2023-02-14,EURUSD,1.07366,0.0014831121102165667
2023-02-15,EURUSD,1.0688,-0.004526572658011041
2023-02-16,EURUSD,1.06725,-0.0014502245508981604
2023-02-17,EURUSD,1.06929,0.00191145467322551
2023-02-20,EURUSD,1.06841,-0.0008229759934161862
2023-02-21,EURUSD,1.06457,-0.003594125850563068
2023-02-22,EURUSD,1.06034,-0.0039734352837295095
2023-02-23,EURUSD,1.0596,-0.0006978893562441524
2023-02-24,EURUSD,1.05437,-0.00493582483956212
2023-02-27,EURUSD,1.0608,0.00609842844542241
2023-02-28,EURUSD,1.05748,-0.0031297134238310598
2023-03-01,EURUSD,1.0666,0.008624276582062995
2023-03-02,EURUSD,1.05966,-0.006506656666041555
2023-03-03,EURUSD,1.06337,0.0035011230017174544
2023-03-06,EURUSD,1.06791,0.0042694452542388905
2023-03-07,EURUSD,1.0549,-0.012182674569954366
2023-03-08,EURUSD,1.0543,-0.0005687742914020077
2023-03-09,EURUSD,1.05791,0.0034240728445413815
2023-03-10,EURUSD,1.06387,0.0056337495628173695
2023-03-13,EURUSD,1.07263,0.008234088751445157
2023-03-14,EURUSD,1.07313,0.00046614396390176616
2023-03-15,EURUSD,1.05766,-0.014415774416892568
2023-03-16,EURUSD,1.06125,0.00339428549817522
2023-03-17,EURUSD,1.06639,0.0048433451118963244
2023-03-20,EURUSD,1.0719,0.0051669651815939854
2023-03-21,EURUSD,1.07676,0.00453400503778334
2023-03-22,EURUSD,1.0858,0.008395557041495083
2023-03-23,EURUSD,1.08321,-0.002385337999631698
2023-03-24,EURUSD,1.07588,-0.006766924234451355
2023-03-27,EURUSD,1.07967,0.003522697698628008
2023-03-28,EURUSD,1.08399,0.0040012225957932746
2023-03-29,EURUSD,1.08395,-3.690070941619883e-05
2023-03-30,EURUSD,1.09046,0.006005812076202766
2023-03-31,EURUSD,1.08381,-0.006098343818205176
2023-04-03,EURUSD,1.09006,0.005766693424124281
2023-04-04,EURUSD,1.0954,0.00489881290938099
2023-04-05,EURUSD,1.09057,-0.004409348183311956
2023-04-06,EURUSD,1.09176,0.0010911725061206745
2023-04-07,EURUSD,1.09014,-0.0014838426027697915
2023-04-10,EURUSD,1.0859,-0.0038894086998000343
2023-04-11,EURUSD,1.09095,0.004650520305737205
2023-04-12,EURUSD,1.09914,0.007507218479307021
2023-04-13,EURUSD,1.10447,0.0048492457739688355
2023-04-14,EURUSD,1.0991,-0.004862060535822721
2023-04-17,EURUSD,1.09253,-0.005977618051132727
2023-04-18,EURUSD,1.09705,0.004137186164224316
2023-04-19,EURUSD,1.09549,-0.0014219953511690475
2023-04-20,EURUSD,1.09668,0.0010862718965942708
2023-04-21,EURUSD,1.0988,0.0019331071962649382
2023-04-24,EURUSD,1.10441,0.0051055697124133825
2023-04-25,EURUSD,1.09738,-0.006365389665069943
2023-04-26,EURUSD,1.104,0.006032550256064528
2023-04-27,EURUSD,1.1025,-0.0013586956521739468
2023-04-28,EURUSD,1.1014,-0.0009977324263039655
2023-05-01,EURUSD,1.0975,-0.003540947884510648
2023-05-02,EURUSD,1.10008,0.0023507972665148813
2023-05-03,EURUSD,1.10606,0.005435968293215021
2023-05-04,EURUSD,1.10118,-0.004412057212086151
2023-05-05,EURUSD,1.10174,0.0005085453785937943
2023-05-08,EURUSD,1.10038,-0.0012344110225643856
2023-05-09,EURUSD,1.09782,-0.002326469037968626
2022-05-18,GBPUSD,1.23387,
2022-05-19,GBPUSD,1.24721,0.010811511747590874
2022-05-20,GBPUSD,1.24866,0.0011625949118434509
2022-05-23,GBPUSD,1.2584,0.007800361988051119
2022-05-24,GBPUSD,1.2528,-0.004450095359186279
2022-05-25,GBPUSD,1.2578,0.003991060025542836
2022-05-26,GBPUSD,1.25999,0.001741135315630471
2022-05-27,GBPUSD,1.26275,0.002190493575345842
2022-05-30,GBPUSD,1.26516,0.0019085329637695825
2022-05-31,GBPUSD,1.25977,-0.004260330709159321
2022-06-01,GBPUSD,1.2484,-0.009025457027870276
2022-06-02,GBPUSD,1.25739,0.007201217558474804
2022-06-03,GBPUSD,1.2485,-0.007070200971854401
2022-06-06,GBPUSD,1.25299,0.0035963155786944423
2022-06-07,GBPUSD,1.2589,0.004716717611473298
2022-06-08,GBPUSD,1.25351,-0.0042815156088649164
2022-06-09,GBPUSD,1.2495,-0.0031990171598150763
2022-06-10,GBPUSD,1.2314,-0.014485794317727119
2022-06-13,GBPUSD,1.21345,-0.014576904336527585
2022-06-14,GBPUSD,1.19953,-0.011471424450945622
2022-06-15,GBPUSD,1.21703,0.014589047376889264
2022-06-16,GBPUSD,1.23512,0.01486405429611426
2022-06-17,GBPUSD,1.2222,-0.010460522054537291
2022-06-20,GBPUSD,1.2246,0.0019636720667648433
2022-06-21,GBPUSD,1.22783,0.002637595949697813
2022-06-22,GBPUSD,1.22618,-0.001343834244154296
2022-06-23,GBPUSD,1.22575,-0.0003506826077738223
2022-06-24,GBPUSD,1.22668,0.0007587191515399105
2022-06-27,GBPUSD,1.2265,-0.00014673753546157187
2022-06-28,GBPUSD,1.2186,-0.0064410925397472285
2022-06-29,GBPUSD,1.2121,-0.005333989824388596
2022-06-30,GBPUSD,1.21731,0.004298325220691401
2022-07-01,GBPUSD,1.2094,-0.006497933969161429
2022-07-04,GBPUSD,1.20979,0.00032247395402662526
2022-07-05,GBPUSD,1.19513,-0.012117805569561546
2022-07-06,GBPUSD,1.19167,-0.0028950825433217142
2022-07-07,GBPUSD,1.20204,0.00870207356063335
2022-07-08,GBPUSD,1.2027,0.0005490665868024269
2022-07-11,GBPUSD,1.1889,-0.011474183088051926
2022-07-12,GBPUSD,1.1886,-0.00025233409033553755
2022-07-13,GBPUSD,1.1891,0.00042066296483245225
2022-07-14,GBPUSD,1.18246,-0.005584055167773938
2022-07-15,GBPUSD,1.18618,0.0031459837964920023
2022-07-18,GBPUSD,1.19509,0.007511507528368266
2022-07-19,GBPUSD,1.19969,0.003849082495879008
2022-07-20,GBPUSD,1.19763,-0.0017171102534820903
2022-07-21,GBPUSD,1.19914,0.0012608234596662715
2022-07-22,GBPUSD,1.2002,0.0008839668429039271
2022-07-25,GBPUSD,1.20472,0.003766038993501253
2022-07-26,GBPUSD,1.20292,-0.0014941231157447055
2022-07-27,GBPUSD,1.21558,0.010524390649419901
2022-07-28,GBPUSD,1.21753,0.001604172493788969
2022-07-29,GBPUSD,1.21745,-6.570679983253225e-05
2022-08-01,GBPUSD,1.22481,0.006045422809971779
2022-08-02,GBPUSD,1.21621,-0.007021497211812444
2022-08-03,GBPUSD,1.21429,-0.001578674735448593
2022-08-04,GBPUSD,1.21553,0.0010211728664486497
2022-08-05,GBPUSD,1.207,-0.007017514993459595
2022-08-08,GBPUSD,1.20787,0.000720795360397597
2022-08-09,GBPUSD,1.20725,-0.0005133002723803903
2022-08-10,GBPUSD,1.22156,0.011853385794160287
2022-08-11,GBPUSD,1.21975,-0.0014817119093618603
2022-08-12,GBPUSD,1.213,-0.005533920885427146
2022-08-15,GBPUSD,1.2057,-0.006018136850783229
2022-08-16,GBPUSD,1.20916,0.0028697022476569245
2022-08-17,GBPUSD,1.2048,-0.0036058089913658664
2022-08-18,GBPUSD,1.193,-0.009794156706507295
2022-08-19,GBPUSD,1.1827,-0.008633696563285831
2022-08-22,GBPUSD,1.17648,-0.0052591527859982
2022-08-23,GBPUSD,1.18302,0.005558955528355725
2022-08-24,GBPUSD,1.1792,-0.0032290240232624168
2022-08-25,GBPUSD,1.1836,0.003731343283582156
2022-08-26,GBPUSD,1.174,-0.008110848259547221
2022-08-29,GBPUSD,1.17055,-0.0029386712095399448
2022-08-30,GBPUSD,1.16535,-0.004442356157361771
2022-08-31,GBPUSD,1.16163,-0.003192174024971184
2022-09-01,GBPUSD,1.15408,-0.006499487788710678
2022-09-02,GBPUSD,1.15158,-0.0021662276445306716
2022-09-05,GBPUSD,1.152,0.0003647163028186462
2022-09-06,GBPUSD,1.1517,-0.00026041666666665186
2022-09-07,GBPUSD,1.15369,0.0017278805244422824
2022-09-08,GBPUSD,1.1501,-0.0031117544574367217
2022-09-09,GBPUSD,1.15876,0.007529780019128962
2022-09-12,GBPUSD,1.1679,0.007887742069108361
2022-09-13,GBPUSD,1.14928,-0.015943145817278737
2022-09-14,GBPUSD,1.154,0.0041069191145759465
2022-09-15,GBPUSD,1.1465,-0.006499133448873318
2022-09-16,GBPUSD,1.14187,-0.00403837767117321
2022-09-19,GBPUSD,1.1433,0.001252331701507181
2022-09-20,GBPUSD,1.13782,-0.004793142657220306
2022-09-21,GBPUSD,1.1273,-0.009245750645972217
2022-09-22,GBPUSD,1.12536,-0.0017209261066265524
2022-09-23,GBPUSD,1.08474,-0.036095116229473145
2022-09-26,GBPUSD,1.06715,-0.01621586739679559
2022-09-27,GBPUSD,1.07324,0.005706789111183941
2022-09-28,GBPUSD,1.08817,0.01391114755320344
2022-09-29,GBPUSD,1.11205,0.02194510048981302
2022-09-30,GBPUSD,1.116,0.0035519985612157967
2022-10-03,GBPUSD,1.13176,0.014121863799283041
2022-10-04,GBPUSD,1.14713,0.013580617798826466
2022-10-05,GBPUSD,1.1322,-0.013015089832887239
2022-10-06,GBPUSD,1.11655,-0.013822646175587483
2022-10-07,GBPUSD,1.10913,-0.0066454704222829175
2022-10-10,GBPUSD,1.10558,-0.0032007068603319144
2022-10-11,GBPUSD,1.09736,-0.007435011487183285
2022-10-12,GBPUSD,1.10983,0.011363636363636465
2022-10-13,GBPUSD,1.133,0.02087707126316629
2022-10-14,GBPUSD,1.1178,-0.013415710503089207
2022-10-17,GBPUSD,1.1361,0.016371443907676086
2022-10-18,GBPUSD,1.13225,-0.0033887861983981082
2022-10-19,GBPUSD,1.12166,-0.009353058070214026
2022-10-20,GBPUSD,1.12336,0.0015156107911487027
2022-10-21,GBPUSD,1.12956,0.005519156815268378
2022-10-24,GBPUSD,1.12785,-0.0015138638053754372
2022-10-25,GBPUSD,1.14694,0.016926009664405717
2022-10-26,GBPUSD,1.16224,0.013339843409419627
2022-10-27,GBPUSD,1.1565,-0.004938738986783986
2022-10-28,GBPUSD,1.161,0.0038910505836575737
2022-10-31,GBPUSD,1.14669,-0.012325581395348895
2022-11-01,GBPUSD,1.14842,0.0015086902301406635
2022-11-02,GBPUSD,1.13874,-0.008428971978892696
2022-11-03,GBPUSD,1.11576,-0.020180199167500912
2022-11-04,GBPUSD,1.13724,0.019251451925145213
2022-11-07,GBPUSD,1.15089,0.01200274348422492
2022-11-08,GBPUSD,1.15394,0.002650122948326894
2022-11-09,GBPUSD,1.13571,-0.015798048425394673
2022-11-10,GBPUSD,1.17114,0.03119634413714767
2022-11-11,GBPUSD,1.18366,0.010690438376282918
2022-11-14,GBPUSD,1.17554,-0.006860078062957187
2022-11-15,GBPUSD,1.18613,0.009008625823025973
2022-11-16,GBPUSD,1.1913,0.004358712788648855
2022-11-17,GBPUSD,1.18641,-0.00410475950642164
2022-11-18,GBPUSD,1.18883,0.0020397670282616964
2022-11-21,GBPUSD,1.1822,-0.0055769117535729995
2022-11-22,GBPUSD,1.18849,0.005320588732871112
2022-11-23,GBPUSD,1.20524,0.014093513618120612
2022-11-24,GBPUSD,1.211,0.004779131127410352
2022-11-25,GBPUSD,1.2093,-0.001403798513625154
2022-11-28,GBPUSD,1.19555,-0.011370214173488935
2022-11-29,GBPUSD,1.19512,-0.00035966709882473413
2022-11-30,GBPUSD,1.2054,0.008601646696566156
2022-12-01,GBPUSD,1.22445,0.015803882528621305
2022-12-02,GBPUSD,1.22858,0.0033729429539792743
2022-12-05,GBPUSD,1.21868,-0.008058083315697795
2022-12-06,GBPUSD,1.21331,-0.004406406932090379
2022-12-07,GBPUSD,1.2201,0.005596261466566554
2022-12-08,GBPUSD,1.22328,0.002606343742316275
2022-12-09,GBPUSD,1.22594,0.002174481721274102
2022-12-12,GBPUSD,1.22658,0.0005220483873598081
2022-12-13,GBPUSD,1.23618,0.007826639925647028
2022-12-14,GBPUSD,1.24232,0.004966914203433204
2022-12-15,GBPUSD,1.21776,-0.019769463584261793
2022-12-16,GBPUSD,1.21345,-0.0035392852450401024
2022-12-19,GBPUSD,1.21465,0.0009889159009437432
2022-12-20,GBPUSD,1.2182,0.0029226526159797928
2022-12-21,GBPUSD,1.2082,-0.008208832703989533
2022-12-22,GBPUSD,1.20374,-0.0036914418142690586
2022-12-23,GBPUSD,1.20505,0.0010882748766343209
2022-12-26,GBPUSD,1.2062,0.0009543172482469053
2022-12-27,GBPUSD,1.2024,-0.003150389653457153
2022-12-28,GBPUSD,1.2014,-0.0008316699933464955
2022-12-29,GBPUSD,1.20526,0.00321291826202752
2022-12-30,GBPUSD,1.20934,0.003385161707847306
2023-01-02,GBPUSD,1.2044,-0.004084872740503176
2023-01-03,GBPUSD,1.1967,-0.006393224842244916
2023-01-04,GBPUSD,1.20535,0.007228210913344801
2023-01-05,GBPUSD,1.1906,-0.012237109553241643
2023-01-06,GBPUSD,1.20904,0.015487989249117984
2023-01-09,GBPUSD,1.2182,0.0075762588499967976
2023-01-10,GBPUSD,1.21487,-0.002733541290428576
2023-01-11,GBPUSD,1.2146,-0.00022224600162978891
2023-01-12,GBPUSD,1.22071,0.005030462703770944
2023-01-13,GBPUSD,1.2223,0.0013025206642036657
2023-01-16,GBPUSD,1.2191,-0.0026180152172133875
2023-01-17,GBPUSD,1.22841,0.0076367812320563555
2023-01-18,GBPUSD,1.23446,0.004925065735381429
2023-01-19,GBPUSD,1.23875,0.003475203732806298
2023-01-20,GBPUSD,1.23942,0.0005408678102925002
2023-01-23,GBPUSD,1.2378,-0.0013070629810717493
2023-01-24,GBPUSD,1.23302,-0.003861690095330439
2023-01-25,GBPUSD,1.24013,0.005766329824333782
2023-01-26,GBPUSD,1.2409,0.0006209026473029677
2023-01-27,GBPUSD,1.2396,-0.001047626722539996
2023-01-30,GBPUSD,1.235,-0.003710874475637227
2023-01-31,GBPUSD,1.23199,-0.0024372469635628446
2023-02-01,GBPUSD,1.23733,0.004334450766645848
2023-02-02,GBPUSD,1.22244,-0.01203397638463466
2023-02-03,GBPUSD,1.20531,-0.014012957691174943
2023-02-06,GBPUSD,1.2019,-0.0028291476881466826
2023-02-07,GBPUSD,1.20458,0.0022298028122140767
2023-02-08,GBPUSD,1.20711,0.002100317122980533
2023-02-09,GBPUSD,1.2121,0.004133840329381799
2023-02-10,GBPUSD,1.20575,-0.0052388416797293225
2023-02-13,GBPUSD,1.2138,0.006676342525399059
2023-02-14,GBPUSD,1.2172,0.0028011204481792618
2023-02-15,GBPUSD,1.2028,-0.01183043049622079
2023-02-16,GBPUSD,1.19925,-0.0029514466245428306
2023-02-17,GBPUSD,1.20395,0.00391911611423823
2023-02-20,GBPUSD,1.20387,-6.644794219035077e-05
2023-02-21,GBPUSD,1.21117,0.006063777650410884
2023-02-22,GBPUSD,1.20462,-0.0054079939232313246
2023-02-23,GBPUSD,1.2011,-0.002922083312579926
2023-02-24,GBPUSD,1.1941,-0.005827991008242495
2023-02-27,GBPUSD,1.2063,0.010216899757139242
2023-02-28,GBPUSD,1.202,-0.0035646190831467583
2023-03-01,GBPUSD,1.20284,0.0006988352745422866
2023-03-02,GBPUSD,1.19417,-0.007207941205812918
2023-03-03,GBPUSD,1.20437,0.008541497441737711
2023-03-06,GBPUSD,1.20223,-0.0017768625920605574
2023-03-07,GBPUSD,1.18279,-0.016169950841353087
2023-03-08,GBPUSD,1.18403,0.001048368687594614
2023-03-09,GBPUSD,1.1924,0.007069077641613797
2023-03-10,GBPUSD,1.20265,0.008596108688359694
2023-03-13,GBPUSD,1.2183,0.01301292978006896
2023-03-14,GBPUSD,1.2153,-0.002462447672986867
2023-03-15,GBPUSD,1.20501,-0.008467045174031185
2023-03-16,GBPUSD,1.21118,0.005120289458178773
2023-03-17,GBPUSD,1.2175,0.0052180518172362245
2023-03-20,GBPUSD,1.22755,0.008254620123203216
2023-03-21,GBPUSD,1.22156,-0.0048796383039386715
2023-03-22,GBPUSD,1.2268,0.004289596908870541
2023-03-23,GBPUSD,1.2287,0.0015487447016628852
2023-03-24,GBPUSD,1.223,-0.004639049401806594
2023-03-27,GBPUSD,1.22827,0.0043090760425184005
2023-03-28,GBPUSD,1.2335,0.004258021444796478
2023-03-29,GBPUSD,1.2314,-0.0017024726388326084
2023-03-30,GBPUSD,1.23866,0.005895728439174963
2023-03-31,GBPUSD,1.2333,-0.004327256874364305
2023-04-03,GBPUSD,1.2416,0.0067299116192329755
2023-04-04,GBPUSD,1.2501,0.006846005154639068
2023-04-05,GBPUSD,1.2461,-0.003199744020478401
2023-04-06,GBPUSD,1.24369,-0.0019340341866623811
2023-04-07,GBPUSD,1.24157,-0.0017046048452588058
2023-04-10,GBPUSD,1.2383,-0.002633762091545422
2023-04-11,GBPUSD,1.24264,0.003504804974561848
2023-04-12,GBPUSD,1.24839,0.004627245219854581
2023-04-13,GBPUSD,1.25241,0.0032201475500444054
2023-04-14,GBPUSD,1.2413,-0.008870896910756043
2023-04-17,GBPUSD,1.23773,-0.0028760170788689754
2023-04-18,GBPUSD,1.24245,0.0038134326549410513
2023-04-19,GBPUSD,1.24347,0.0008209585898828475
2023-04-20,GBPUSD,1.24389,0.0003377644816520142
2023-04-21,GBPUSD,1.24373,-0.00012862873726771085
2023-04-24,GBPUSD,1.2484,0.0037548342485909103
2023-04-25,GBPUSD,1.2409,-0.006007689842999042
2023-04-26,GBPUSD,1.2467,0.004674026915948204
2023-04-27,GBPUSD,1.24932,0.002101548086949512
2023-04-28,GBPUSD,1.25612,0.005442960970768018
2023-05-01,GBPUSD,1.24928,-0.005445339617234035
2023-05-02,GBPUSD,1.24693,-0.0018810835040982132
2023-05-03,GBPUSD,1.25659,0.007747026697569215
2023-05-04,GBPUSD,1.25714,0.0004376924852178554
2023-05-05,GBPUSD,1.26299,0.004653419666863057
2023-05-08,GBPUSD,1.2618,-0.0009422085685555359
2023-05-09,GBPUSD,1.26145,-0.0002773815184657913
2022-05-18,USDJPY,128.305,
2022-05-19,USDJPY,127.713,-0.004614005689567935
2022-05-20,USDJPY,127.85,0.001072717734294848
2022-05-23,USDJPY,127.9,0.0003910833007432224
2022-05-24,USDJPY,126.83,-0.008365910867865534
2022-05-25,USDJPY,127.242,0.0032484427974455166
2022-05-26,USDJPY,127.093,-0.0011709969978466184
2022-05-27,USDJPY,127.085,-6.294603164624935e-05
2022-05-30,USDJPY,127.63,0.004288468347956043
2022-05-31,USDJPY,128.687,0.008281751939199333
2022-06-01,USDJPY,130.132,0.011228795449423679
2022-06-02,USDJPY,129.854,-0.0021362923800447575
2022-06-03,USDJPY,130.86,0.007747162197544899
2022-06-06,USDJPY,131.895,0.007909215955983484
2022-06-07,USDJPY,132.63,0.0055726145797792
2022-06-08,USDJPY,134.222,0.012003317499811539
2022-06-09,USDJPY,134.39,0.0012516577014198838
2022-06-10,USDJPY,134.42,0.00022323089515596806
2022-06-13,USDJPY,134.399,-0.0001562267519713556
2022-06-14,USDJPY,135.565,0.008675659789135315
2022-06-15,USDJPY,133.81,-0.01294581934865191
2022-06-16,USDJPY,132.288,-0.01137433674613253
2022-06-17,USDJPY,134.96,0.020198355104015464
2022-06-20,USDJPY,135.091,0.0009706579727326581
2022-06-21,USDJPY,136.654,0.011569978755061383
2022-06-22,USDJPY,136.121,-0.0039003614969190803
2022-06-23,USDJPY,134.927,-0.008771607613814347
2022-06-24,USDJPY,135.17,0.0018009738599389369
2022-06-27,USDJPY,135.435,0.001960494192498441
2022-06-28,USDJPY,136.122,0.005072544024808945
2022-06-29,USDJPY,136.534,0.0030266966397789474
2022-06-30,USDJPY,135.733,-0.00586667057289747
2022-07-01,USDJPY,135.175,-0.004111012060442176
2022-07-04,USDJPY,135.74,0.004179766968744225
2022-07-05,USDJPY,135.836,0.0007072344187417645
2022-07-06,USDJPY,135.92,0.0006183927677492207
2022-07-07,USDJPY,136.01,0.0006621542083578014
2022-07-08,USDJPY,136.08,0.0005146680391150404
2022-07-11,USDJPY,137.422,0.009861845972956917
2022-07-12,USDJPY,136.835,-0.004271514022499923
2022-07-13,USDJPY,137.402,0.004143676690904874
2022-07-14,USDJPY,138.973,0.01143360358655654
2022-07-15,USDJPY,138.456,-0.0037201470789292035
2022-07-18,USDJPY,138.122,-0.002412318714970607
2022-07-19,USDJPY,138.161,0.0002823590738620929
2022-07-20,USDJPY,138.24,0.0005717966719986922
2022-07-21,USDJPY,137.368,-0.006307870370370505
2022-07-22,USDJPY,136.05,-0.009594665424261684
2022-07-25,USDJPY,136.646,0.004380742374126889
2022-07-26,USDJPY,136.908,0.0019173631134463687
2022-07-27,USDJPY,136.567,-0.0024907236976654534
2022-07-28,USDJPY,134.308,-0.016541331361163536
2022-07-29,USDJPY,133.19,-0.008324150460136348
2022-08-01,USDJPY,131.644,-0.011607478038891728
2022-08-02,USDJPY,133.163,0.01153869526905904
2022-08-03,USDJPY,133.833,0.005031427648821252
2022-08-04,USDJPY,132.984,-0.006343726883504042
2022-08-05,USDJPY,134.97,0.014934127413824161
2022-08-08,USDJPY,134.993,0.0001704082388678252
2022-08-09,USDJPY,135.079,0.0006370700703000054
2022-08-10,USDJPY,132.87,-0.016353393199535105
2022-08-11,USDJPY,133.006,0.0010235568600887035
2022-08-12,USDJPY,133.48,0.003563749003804295
2022-08-15,USDJPY,133.269,-0.0015807611627208784
2022-08-16,USDJPY,134.225,0.007173461195026487
2022-08-17,USDJPY,135.1,0.006518904823989535
2022-08-18,USDJPY,135.87,0.005699481865285128
2022-08-19,USDJPY,136.93,0.007801575034959818
2022-08-22,USDJPY,137.501,0.004170013875702816
2022-08-23,USDJPY,136.712,-0.005738140086254062
2022-08-24,USDJPY,137.1,0.002838082977353995
2022-08-25,USDJPY,136.476,-0.004551422319474807
2022-08-26,USDJPY,137.752,0.00934962923884064
2022-08-29,USDJPY,138.7,0.006881932748707742
2022-08-30,USDJPY,138.752,0.0003749098774334936
2022-08-31,USDJPY,139.065,0.002255823339483376
2022-09-01,USDJPY,140.2,0.008161651026498351
2022-09-02,USDJPY,140.152,-0.0003423680456491329
2022-09-05,USDJPY,140.58,0.0030538272732463234
2022-09-06,USDJPY,142.768,0.015564091620429599
2022-09-07,USDJPY,143.74,0.006808248346968471
2022-09-08,USDJPY,144.095,0.002469737025184271
2022-09-09,USDJPY,142.564,-0.010624934938755715
2022-09-12,USDJPY,142.808,0.0017115120226705027
2022-09-13,USDJPY,144.683,0.013129516553694431
2022-09-14,USDJPY,143.121,-0.010796016117995744
2022-09-15,USDJPY,143.474,0.0024664444770508
2022-09-16,USDJPY,142.906,-0.0039589054462828566
2022-09-19,USDJPY,143.236,0.00230921025009434
2022-09-20,USDJPY,143.722,0.0033930017593344353
2022-09-21,USDJPY,144.068,0.002407425446347755
2022-09-22,USDJPY,142.303,-0.012251159174834214
2022-09-23,USDJPY,143.32,0.007146722135162209
2022-09-26,USDJPY,144.676,0.00946134524141784
2022-09-27,USDJPY,144.78,0.0007188476319501813
2022-09-28,USDJPY,144.097,-0.004717502417460939
2022-09-29,USDJPY,144.454,0.002477497796623096
2022-09-30,USDJPY,144.729,0.0019037202154319477
2022-10-03,USDJPY,144.59,-0.0009604156734310809
2022-10-04,USDJPY,144.222,-0.002545127602185504
2022-10-05,USDJPY,144.597,0.0026001580896117815
2022-10-06,USDJPY,145.087,0.003388728673485497
2022-10-07,USDJPY,145.33,0.0016748571546729707
2022-10-10,USDJPY,145.71,0.002614738870157618
2022-10-11,USDJPY,145.792,0.0005627616498524723
2022-10-12,USDJPY,146.861,0.007332363915715456
2022-10-13,USDJPY,147.15,0.0019678471479835924
2022-10-14,USDJPY,148.72,0.010669384981311536
2022-10-17,USDJPY,148.973,0.0017011834319526908
2022-10-18,USDJPY,149.169,0.0013156746524538576
2022-10-19,USDJPY,149.833,0.004451327018348161
2022-10-20,USDJPY,150.092,0.0017285911648303731
2022-10-21,USDJPY,147.63,-0.01640327265943564
2022-10-24,USDJPY,149.02,0.009415430468062258
2022-10-25,USDJPY,148.078,-0.00632129915447599
2022-10-26,USDJPY,146.38,-0.011466929591161468
2022-10-27,USDJPY,146.296,-0.0005738488864599489
2022-10-28,USDJPY,147.42,0.007683053535298301
2022-10-31,USDJPY,148.714,0.008777642110975536
2022-11-01,USDJPY,148.225,-0.003288190755409759
2022-11-02,USDJPY,147.771,-0.0030629111148592347
2022-11-03,USDJPY,148.154,0.002591848197548874
2022-11-04,USDJPY,146.654,-0.010124600078296853
2022-11-07,USDJPY,146.634,-0.00013637541424038613
2022-11-08,USDJPY,145.677,-0.006526453619215111
2022-11-09,USDJPY,146.451,0.005313124240614586
2022-11-10,USDJPY,140.955,-0.037527910359096084
2022-11-11,USDJPY,138.762,-0.015558156858571981
2022-11-14,USDJPY,139.883,0.008078580591228235
2022-11-15,USDJPY,139.25,-0.004525210354367704
2022-11-16,USDJPY,139.482,0.0016660682226212753
2022-11-17,USDJPY,140.189,0.005068754391247543
2022-11-18,USDJPY,140.341,0.0010842505474752961
2022-11-21,USDJPY,142.125,0.01271189459958233
2022-11-22,USDJPY,141.24,-0.006226912928759876
2022-11-23,USDJPY,139.593,-0.011661002548853161
2022-11-24,USDJPY,138.48,-0.007973179170875366
2022-11-25,USDJPY,139.11,0.004549393414211567
2022-11-28,USDJPY,138.92,-0.0013658256056360285
2022-11-29,USDJPY,138.588,-0.0023898646703137683
2022-11-30,USDJPY,138.05,-0.0038820099864345092
2022-12-01,USDJPY,135.25,-0.020282506338283324
2022-12-02,USDJPY,134.271,-0.007238447319778296
2022-12-05,USDJPY,136.762,0.018552032829129317
2022-12-06,USDJPY,137.043,0.0020546643073369175
2022-12-07,USDJPY,136.576,-0.003407689557292315
2022-12-08,USDJPY,136.654,0.0005711105904404601
2022-12-09,USDJPY,136.578,-0.0005561491065024793
2022-12-12,USDJPY,137.657,0.007900247477631961
2022-12-13,USDJPY,135.559,-0.015240779618907907
2022-12-14,USDJPY,135.453,-0.0007819473439608648
2022-12-15,USDJPY,137.769,0.017098181657106082
2022-12-16,USDJPY,136.679,-0.007911794380448423
2022-12-19,USDJPY,136.9,0.0016169272529065193
2022-12-20,USDJPY,131.73,-0.037764791818845955
2022-12-21,USDJPY,132.46,0.005541638199347387
2022-12-22,USDJPY,132.302,-0.001192812924656672
2022-12-23,USDJPY,132.872,0.004308324893047777
2022-12-26,USDJPY,132.83,-0.0003160936841472006
2022-12-27,USDJPY,133.477,0.004870887600692653
2022-12-28,USDJPY,134.47,0.00743948395603744
2022-12-29,USDJPY,133.011,-0.01085000371830147
2022-12-30,USDJPY,131.072,-0.014577741690536827
2023-01-02,USDJPY,130.79,-0.002151489257812611
2023-01-03,USDJPY,131.014,0.0017126691643092329
2023-01-04,USDJPY,132.603,0.01212847481948498
2023-01-05,USDJPY,133.401,0.006017963394493453
2023-01-06,USDJPY,132.03,-0.010277284278228827
2023-01-09,USDJPY,131.874,-0.0011815496478073673
2023-01-10,USDJPY,132.25,0.0028512064546462046
2023-01-11,USDJPY,132.468,0.0016483931947068875
2023-01-12,USDJPY,129.27,-0.024141679499954605
2023-01-13,USDJPY,127.853,-0.010961553337974883
2023-01-16,USDJPY,128.57,0.005608002940877377
2023-01-17,USDJPY,128.1,-0.0036555961732908093
2023-01-18,USDJPY,128.887,0.006143637782981992
2023-01-19,USDJPY,128.412,-0.003685398837741549
2023-01-20,USDJPY,129.464,0.008192380774382446
2023-01-23,USDJPY,130.66,0.009238089353024836
2023-01-24,USDJPY,130.162,-0.003811418949946299
2023-01-25,USDJPY,129.565,-0.004586592092930442
2023-01-26,USDJPY,130.209,0.004970478138386136
2023-01-27,USDJPY,129.804,-0.00311038407483355
2023-01-30,USDJPY,130.405,0.004630057625342854
2023-01-31,USDJPY,130.09,-0.0024155515509374226
2023-02-01,USDJPY,128.923,-0.008970712583595941
2023-02-02,USDJPY,128.668,-0.0019779248078309886
2023-02-03,USDJPY,131.156,0.01933658718562503
2023-02-06,USDJPY,132.634,0.011269023148006818
2023-02-07,USDJPY,131.056,-0.011897401872822733
2023-02-08,USDJPY,131.399,0.0026172018068610914
2023-02-09,USDJPY,131.58,0.0013774838469091666
2023-02-10,USDJPY,131.347,-0.001770785833713373
2023-02-13,USDJPY,132.4,0.00801693224816713
2023-02-14,USDJPY,133.158,0.005725075528700829
2023-02-15,USDJPY,134.137,0.0073521681010528805
2023-02-16,USDJPY,133.932,-0.001528288242617748
2023-02-17,USDJPY,134.114,0.001358898545530618
2023-02-20,USDJPY,134.23,0.0008649358008856467
2023-02-21,USDJPY,134.993,0.005684273262311024
2023-02-22,USDJPY,134.861,-0.0009778284799952797
2023-02-23,USDJPY,134.7,-0.0011938217868768808
2023-02-24,USDJPY,136.406,0.012665181885672006
2023-02-27,USDJPY,136.166,-0.0017594533964782055
2023-02-28,USDJPY,136.172,4.406386322575173e-05
2023-03-01,USDJPY,136.182,7.343653614544365e-05
2023-03-02,USDJPY,136.755,0.004207604529232967
2023-03-03,USDJPY,135.831,-0.006756608533508901
2023-03-06,USDJPY,135.905,0.0005447946345091825
2023-03-07,USDJPY,137.149,0.009153452779515181
2023-03-08,USDJPY,137.358,0.0015238900757570395
2023-03-09,USDJPY,136.132,-0.008925581327625665
2023-03-10,USDJPY,134.962,-0.008594599359445398
2023-03-13,USDJPY,133.196,-0.013085164713030228
2023-03-14,USDJPY,134.252,0.007928166010991333
2023-03-15,USDJPY,133.329,-0.006875130351875591
2023-03-16,USDJPY,133.55,0.0016575538705008164
2023-03-17,USDJPY,131.803,-0.013081242980157337
2023-03-20,USDJPY,131.28,-0.003968043216011741
2023-03-21,USDJPY,132.43,0.00875990249847658
2023-03-22,USDJPY,131.38,-0.007928717058068524
2023-03-23,USDJPY,130.804,-0.0043842289541786705
2023-03-24,USDJPY,130.701,-0.0007874376930370186
2023-03-27,USDJPY,131.534,0.0063733253762403574
2023-03-28,USDJPY,130.834,-0.00532181793300579
2023-03-29,USDJPY,132.717,0.014392283351422508
2023-03-30,USDJPY,132.649,-0.0005123684230355918
2023-03-31,USDJPY,132.797,0.0011157264660872634
2023-04-03,USDJPY,132.4,-0.002989525365783785
2023-04-04,USDJPY,131.718,-0.005151057401812764
2023-04-05,USDJPY,131.231,-0.00369729270107344
2023-04-06,USDJPY,131.7,0.0035738506907665446
2023-04-07,USDJPY,132.137,0.0033181473044798793
2023-04-10,USDJPY,133.59,0.010996163073174081
2023-04-11,USDJPY,133.644,0.0004042218728947944
2023-04-12,USDJPY,133.114,-0.0039657597797132516
2023-04-13,USDJPY,132.551,-0.0042294574575177935
2023-04-14,USDJPY,133.745,0.00900785358088596
2023-04-17,USDJPY,134.426,0.005091779131930041
2023-04-18,USDJPY,134.074,-0.0026185410560455313
2023-04-19,USDJPY,134.601,0.003930665155063462
2023-04-20,USDJPY,134.22,-0.0028305881828515345
2023-04-21,USDJPY,134.096,-0.0009238563552376178
2023-04-24,USDJPY,134.186,0.0006711609593128554
2023-04-25,USDJPY,133.73,-0.003398268075656352
2023-04-26,USDJPY,133.624,-0.000792641890376089
2023-04-27,USDJPY,133.89,0.001990660360414287
2023-04-28,USDJPY,136.24,0.017551721562476752
2023-05-01,USDJPY,137.465,0.008991485613623063
2023-05-02,USDJPY,136.523,-0.006852653402684372
2023-05-03,USDJPY,134.595,-0.014122162566014507
2023-05-04,USDJPY,134.233,-0.0026895501318771053
2023-05-05,USDJPY,134.819,0.004365543495265634
2023-05-08,USDJPY,135.054,0.0017430777561027178
2023-05-09,USDJPY,134.811,-0.0017992802878847858
